INSERT INTO "users" (email,password,firstName,secondName) VALUES ('magnis.dis@lorem.co.uk','74860','Nathaniel','Walter');
INSERT INTO "users" (email,password,firstName,secondName) VALUES ('nec@loremfringilla.edu','R5L 3M4','Cain','Haley');
INSERT INTO "users" (email,password,firstName,secondName) VALUES ('consequat.lectus.sit@conubianostra.com','27284','Gil','Mckinney');
INSERT INTO "users" (email,password,firstName,secondName) VALUES ('non@velarcuCurabitur.org','21903','Dante','Walker');
INSERT INTO "users" (email,password,firstName,secondName) VALUES ('massa.Suspendisse@et.org','3620','Isaiah','Schultz');
INSERT INTO "users" (email,password,firstName,secondName) VALUES ('tempus.scelerisque@ut.co.uk','XT9N 2DO','Howard','Mccullough');
INSERT INTO "users" (email,password,firstName,secondName) VALUES ('vel.pede.blandit@aliquetodioEtiam.edu','864472','William','Fitzgerald');
INSERT INTO "users" (email,password,firstName,secondName) VALUES ('tellus.id@milacinia.net','4710','Sylvester','Chang');
INSERT INTO "users" (email,password,firstName,secondName) VALUES ('mollis@adipiscing.org','55-717','Warren','Raymond');
INSERT INTO "users" (email,password,firstName,secondName) VALUES ('Integer.aliquam.adipiscing@Etiamvestibulummassa.co.uk','807557','Raja','Horn');
INSERT INTO "users" (email,password,firstName,secondName) VALUES ('parturient.montes@est.co.uk','923481','Samuel','Galloway');
INSERT INTO "users" (email,password,firstName,secondName) VALUES ('dolor.sit@nislarcu.net','4637OR','Prescott','Thompson');
INSERT INTO "users" (email,password,firstName,secondName) VALUES ('sed.libero@laoreet.co.uk','3703','Hayes','Pace');
INSERT INTO "users" (email,password,firstName,secondName) VALUES ('vel@odio.org','0428','Barrett','Foley');
INSERT INTO "users" (email,password,firstName,secondName) VALUES ('hendrerit.id@antedictum.ca','T8G 2M1','Leonard','Stein');
INSERT INTO "users" (email,password,firstName,secondName) VALUES ('mattis@cursusinhendrerit.edu','2801TS','Bert','Ingram');
INSERT INTO "users" (email,password,firstName,secondName) VALUES ('dui.Fusce@Classaptenttaciti.ca','9977','Dieter','Mcguire');
INSERT INTO "users" (email,password,firstName,secondName) VALUES ('ullamcorper@etultricesposuere.org','54714','Baker','Manning');
INSERT INTO "users" (email,password,firstName,secondName) VALUES ('dictum.ultricies@velarcu.net','70968','Kato','Quinn');
INSERT INTO "users" (email,password,firstName,secondName) VALUES ('facilisis.vitae@ultriciesornareelit.org','63960','Solomon','Stephenson');
INSERT INTO "users" (email,password,firstName,secondName) VALUES ('dui@Fuscediam.com','899211','Dean','Fields');
INSERT INTO "users" (email,password,firstName,secondName) VALUES ('habitant.morbi.tristique@rutrum.org','685806','Stuart','Walter');
INSERT INTO "users" (email,password,firstName,secondName) VALUES ('Proin@ipsumSuspendisse.net','47006-225','Wesley','Hogan');
INSERT INTO "users" (email,password,firstName,secondName) VALUES ('tellus.eu.augue@loremegetmollis.org','10902','Holmes','Kirkland');
INSERT INTO "users" (email,password,firstName,secondName) VALUES ('Aenean@enim.co.uk','74-585','Hayes','Olsen');
INSERT INTO "users" (email,password,firstName,secondName) VALUES ('Curabitur.vel.lectus@diameu.net','249009','Arthur','Ayers');
INSERT INTO "users" (email,password,firstName,secondName) VALUES ('congue.In.scelerisque@Cras.net','3100','Jerry','Rich');
INSERT INTO "users" (email,password,firstName,secondName) VALUES ('dis.parturient.montes@necante.org','3171','Tanner','Meadows');
INSERT INTO "users" (email,password,firstName,secondName) VALUES ('a.nunc@idsapien.net','75942','William','Gross');
INSERT INTO "users" (email,password,firstName,secondName) VALUES ('neque@dictumaugue.ca','5317XG','Keaton','Walters');
INSERT INTO "users" (email,password,firstName,secondName) VALUES ('ac.arcu.Nunc@morbitristique.edu','5331','Xanthus','Donaldson');
INSERT INTO "users" (email,password,firstName,secondName) VALUES ('natoque.penatibus.et@ultricesposuerecubilia.ca','64744','Jesse','Conway');
INSERT INTO "users" (email,password,firstName,secondName) VALUES ('Sed.et.libero@enimEtiamimperdiet.org','26281','Dominic','Lowe');
INSERT INTO "users" (email,password,firstName,secondName) VALUES ('ut.aliquam.iaculis@Crasdictumultricies.org','66-101','Raja','Garcia');
INSERT INTO "users" (email,password,firstName,secondName) VALUES ('turpis.nec.mauris@mattisCras.ca','FO4Q 6YG','Owen','Walker');
INSERT INTO "users" (email,password,firstName,secondName) VALUES ('Etiam@temporeratneque.com','964702','Daniel','Owens');
INSERT INTO "users" (email,password,firstName,secondName) VALUES ('nonummy.ipsum@massa.com','8430','Tarik','Morse');
INSERT INTO "users" (email,password,firstName,secondName) VALUES ('Fusce.mi@loremutaliquam.com','16-663','Zeus','Riggs');
INSERT INTO "users" (email,password,firstName,secondName) VALUES ('neque.sed@Quisqueaclibero.net','9407XQ','Richard','Hutchinson');
INSERT INTO "users" (email,password,firstName,secondName) VALUES ('egestas.Duis.ac@Cras.org','84-291','Hoyt','Cooley');
INSERT INTO "users" (email,password,firstName,secondName) VALUES ('Integer.eu.lacus@elitpellentesque.net','74-616','Philip','Benson');
INSERT INTO "users" (email,password,firstName,secondName) VALUES ('Quisque@ettristiquepellentesque.net','28034','Dalton','May');
INSERT INTO "users" (email,password,firstName,secondName) VALUES ('consequat@enim.co.uk','E7N 3W9','Jamal','Dawson');
INSERT INTO "users" (email,password,firstName,secondName) VALUES ('Curabitur.sed.tortor@duinec.com','9491','Maxwell','Lang');
INSERT INTO "users" (email,password,firstName,secondName) VALUES ('Donec@mollisIntegertincidunt.com','98254','Louis','Roberts');
INSERT INTO "users" (email,password,firstName,secondName) VALUES ('sed.libero@Crassed.net','4599','Peter','Mercer');
INSERT INTO "users" (email,password,firstName,secondName) VALUES ('tellus@enim.com','9278','Garrison','Pollard');
INSERT INTO "users" (email,password,firstName,secondName) VALUES ('Duis@sedhendrerita.ca','40123','Gregory','Hansen');
INSERT INTO "users" (email,password,firstName,secondName) VALUES ('dui.Fusce.diam@vestibulum.org','70204','Derek','Shannon');
INSERT INTO "users" (email,password,firstName,secondName) VALUES ('in@cursusinhendrerit.net','7975','Dante','Pearson');
INSERT INTO "users" (email,password,firstName,secondName) VALUES ('Cum.sociis@Aeneanegestas.co.uk','50802','Jordan','Vance');
INSERT INTO "users" (email,password,firstName,secondName) VALUES ('augue.eu@fringillaest.co.uk','86-720','Christian','Montoya');
INSERT INTO "users" (email,password,firstName,secondName) VALUES ('eros.Proin.ultrices@ametnulla.ca','13646','Ulric','Mcneil');
INSERT INTO "users" (email,password,firstName,secondName) VALUES ('suscipit.nonummy.Fusce@aliquetmetus.co.uk','13803','Acton','Melton');
INSERT INTO "users" (email,password,firstName,secondName) VALUES ('luctus.felis.purus@tortordictumeu.net','88405','Ishmael','Brooks');
INSERT INTO "users" (email,password,firstName,secondName) VALUES ('tellus.Suspendisse.sed@luctus.co.uk','A5C 3R0','Dane','Sexton');
INSERT INTO "users" (email,password,firstName,secondName) VALUES ('Morbi.sit@necanteMaecenas.net','33317','Murphy','Crane');
INSERT INTO "users" (email,password,firstName,secondName) VALUES ('non.nisi@Nuncsollicitudin.org','18392','Reed','Bonner');
INSERT INTO "users" (email,password,firstName,secondName) VALUES ('imperdiet.ornare.In@magnisdis.com','1304MB','Xenos','Ramsey');
INSERT INTO "users" (email,password,firstName,secondName) VALUES ('lectus.rutrum.urna@Nullam.org','96721-839','Reese','Little');
INSERT INTO "users" (email,password,firstName,secondName) VALUES ('quis.arcu.vel@Maecenas.edu','173339','Russell','Parrish');
INSERT INTO "users" (email,password,firstName,secondName) VALUES ('Sed.malesuada.augue@cursuspurus.co.uk','40826','Gareth','Lindsey');
INSERT INTO "users" (email,password,firstName,secondName) VALUES ('Quisque@Phasellusnulla.co.uk','43100','Kaseem','Parker');
INSERT INTO "users" (email,password,firstName,secondName) VALUES ('ligula.Aenean.euismod@sit.net','4044','Byron','Skinner');
INSERT INTO "users" (email,password,firstName,secondName) VALUES ('penatibus.et.magnis@bibendum.com','45718','Tate','Frye');
INSERT INTO "users" (email,password,firstName,secondName) VALUES ('Fusce.dolor.quam@ipsumprimis.ca','07625','Travis','Kirk');
INSERT INTO "users" (email,password,firstName,secondName) VALUES ('nec@mollislectuspede.edu','229033','Salvador','Gould');
INSERT INTO "users" (email,password,firstName,secondName) VALUES ('tempor.est.ac@Duiselementum.net','3669','Noah','Dennis');
INSERT INTO "users" (email,password,firstName,secondName) VALUES ('sem@viverraMaecenasiaculis.org','1899','Tyler','Mathis');
INSERT INTO "users" (email,password,firstName,secondName) VALUES ('Nam.nulla@tristiquepharetraQuisque.ca','MW8K 7MT','Jackson','Edwards');
INSERT INTO "users" (email,password,firstName,secondName) VALUES ('aliquet@ornareIn.co.uk','B3V 8Y2','Declan','Wilkinson');
INSERT INTO "users" (email,password,firstName,secondName) VALUES ('pede.Suspendisse@etmalesuadafames.com','1572JE','Silas','Hobbs');
INSERT INTO "users" (email,password,firstName,secondName) VALUES ('orci.Ut@Vivamussit.edu','034431','Armando','Carlson');
INSERT INTO "users" (email,password,firstName,secondName) VALUES ('faucibus.Morbi.vehicula@vitaealiquameros.net','68515','Jakeem','Jenkins');
INSERT INTO "users" (email,password,firstName,secondName) VALUES ('risus.Donec.egestas@loremutaliquam.edu','71975','Tate','Holman');
INSERT INTO "users" (email,password,firstName,secondName) VALUES ('Suspendisse.sed@Utsagittis.ca','7547','Travis','Freeman');
INSERT INTO "users" (email,password,firstName,secondName) VALUES ('id.blandit.at@amet.net','597962','Jameson','Lindsey');
INSERT INTO "users" (email,password,firstName,secondName) VALUES ('ut.eros.non@ut.edu','41056','Raphael','Buck');
INSERT INTO "users" (email,password,firstName,secondName) VALUES ('rhoncus@infaucibusorci.ca','24271','Christian','Garza');
INSERT INTO "users" (email,password,firstName,secondName) VALUES ('consequat.enim.diam@tellusNunclectus.co.uk','846491','Walter','Ellison');
INSERT INTO "users" (email,password,firstName,secondName) VALUES ('Integer@gravidasagittis.co.uk','50603','Barry','Mosley');
INSERT INTO "users" (email,password,firstName,secondName) VALUES ('eu@torquentperconubia.co.uk','F12 7KA','Travis','Bryant');
INSERT INTO "users" (email,password,firstName,secondName) VALUES ('aliquet.Phasellus.fermentum@eueuismodac.net','718847','Jamal','Maxwell');
INSERT INTO "users" (email,password,firstName,secondName) VALUES ('elit@malesuadafames.edu','61189','Rigel','Davis');
INSERT INTO "users" (email,password,firstName,secondName) VALUES ('mollis.vitae.posuere@convallis.co.uk','24859','Amir','Olsen');
INSERT INTO "users" (email,password,firstName,secondName) VALUES ('eu@diam.ca','33607','Macaulay','Moore');
INSERT INTO "users" (email,password,firstName,secondName) VALUES ('non@Etiamlaoreet.co.uk','72737','Kasper','Wheeler');
INSERT INTO "users" (email,password,firstName,secondName) VALUES ('In@odiotristique.co.uk','9310','Felix','Mcdaniel');
INSERT INTO "users" (email,password,firstName,secondName) VALUES ('enim.diam.vel@eget.org','666380','Fuller','Ruiz');
INSERT INTO "users" (email,password,firstName,secondName) VALUES ('nec.mauris.blandit@necenimNunc.com','N9B 6M9','Hammett','Dominguez');
INSERT INTO "users" (email,password,firstName,secondName) VALUES ('venenatis@Aliquamgravidamauris.edu','6870','Porter','Miranda');
INSERT INTO "users" (email,password,firstName,secondName) VALUES ('at.velit.Pellentesque@laoreetipsum.org','74924','Bruce','Mcmahon');
INSERT INTO "users" (email,password,firstName,secondName) VALUES ('libero.Proin.sed@Suspendisse.org','3079','Hasad','Patterson');
INSERT INTO "users" (email,password,firstName,secondName) VALUES ('non.dui.nec@gravidasagittis.org','83677','Stephen','Oneill');
INSERT INTO "users" (email,password,firstName,secondName) VALUES ('sed@hendrerit.edu','979515','Kyle','Ryan');
INSERT INTO "users" (email,password,firstName,secondName) VALUES ('dictum.Phasellus.in@vitaealiquameros.net','40914','Micah','Andrews');
INSERT INTO "users" (email,password,firstName,secondName) VALUES ('lorem@elementumategestas.com','3771RW','Sawyer','Vincent');
INSERT INTO "users" (email,password,firstName,secondName) VALUES ('nec.enim@tincidunt.edu','4695','Hedley','Rice');
INSERT INTO "users" (email,password,firstName,secondName) VALUES ('In@cursus.com','65647','Boris','Walsh');
INSERT INTO "users" (email,password,firstName,secondName) VALUES ('sapien@cubiliaCuraePhasellus.co.uk','1647XM','Jack','Pugh');


INSERT INTO "courses" (title,subject,imageurl) VALUES ('928969559','ligula tortor,','Sed Malesuada Augue Foundation');
INSERT INTO "courses" (title,subject,imageurl) VALUES ('637699059','vitae erat','Arcu LLC');
INSERT INTO "courses" (title,subject,imageurl) VALUES ('634387492','imperdiet nec,','Laoreet Incorporated');
INSERT INTO "courses" (title,subject,imageurl) VALUES ('667377196','diam vel','Pede Suspendisse Industries');
INSERT INTO "courses" (title,subject,imageurl) VALUES ('040653065','lacus. Aliquam','Ac Fermentum Vel Incorporated');
INSERT INTO "courses" (title,subject,imageurl) VALUES ('301751418','In tincidunt','Amet Consectetuer Adipiscing Foundation');
INSERT INTO "courses" (title,subject,imageurl) VALUES ('264892704','Proin nisl','Neque Incorporated');
INSERT INTO "courses" (title,subject,imageurl) VALUES ('118753995','volutpat. Nulla','Tortor Nunc Commodo Corp.');
INSERT INTO "courses" (title,subject,imageurl) VALUES ('680211828','ac, fermentum','Cursus Vestibulum Industries');
INSERT INTO "courses" (title,subject,imageurl) VALUES ('843685124','lorem ut','Est Ac Corp.');
INSERT INTO "courses" (title,subject,imageurl) VALUES ('686833658','ipsum sodales','Consectetuer Euismod Est LLC');
INSERT INTO "courses" (title,subject,imageurl) VALUES ('101899920','nec luctus','Placerat Foundation');
INSERT INTO "courses" (title,subject,imageurl) VALUES ('542353123','augue porttitor','Nibh Donec Est Ltd');
INSERT INTO "courses" (title,subject,imageurl) VALUES ('803455435','sem, vitae','Diam Nunc Inc.');
INSERT INTO "courses" (title,subject,imageurl) VALUES ('635156136','egestas. Aliquam','Elit Incorporated');
INSERT INTO "courses" (title,subject,imageurl) VALUES ('389952300','nunc risus','Id Erat PC');
INSERT INTO "courses" (title,subject,imageurl) VALUES ('628979544','Nunc laoreet','Lacus Nulla LLC');
INSERT INTO "courses" (title,subject,imageurl) VALUES ('446048118','litora torquent','Cursus In Hendrerit Corporation');
INSERT INTO "courses" (title,subject,imageurl) VALUES ('639322064','tempor lorem,','Vestibulum Massa Incorporated');
INSERT INTO "courses" (title,subject,imageurl) VALUES ('896044237','Aenean egestas','Dui PC');
INSERT INTO "courses" (title,subject,imageurl) VALUES ('196083265','justo. Praesent','Eu Turpis Limited');
INSERT INTO "courses" (title,subject,imageurl) VALUES ('512750811','euismod enim.','Mauris Magna Institute');
INSERT INTO "courses" (title,subject,imageurl) VALUES ('285891529','vitae aliquam','Nisi Mauris Foundation');
INSERT INTO "courses" (title,subject,imageurl) VALUES ('741992929','aliquet, metus','Consequat Lectus Sit Corporation');
INSERT INTO "courses" (title,subject,imageurl) VALUES ('589872571','facilisis lorem','Lorem Tristique Ltd');
INSERT INTO "courses" (title,subject,imageurl) VALUES ('138093703','augue id','Dolor Dolor Consulting');
INSERT INTO "courses" (title,subject,imageurl) VALUES ('150584225','Nam tempor','Arcu Eu Incorporated');
INSERT INTO "courses" (title,subject,imageurl) VALUES ('240991125','enim. Etiam','Erat In Consectetuer Limited');
INSERT INTO "courses" (title,subject,imageurl) VALUES ('193730215','Ut nec','Vulputate Lacus Cras Ltd');
INSERT INTO "courses" (title,subject,imageurl) VALUES ('418664470','ligula. Nullam','Donec Egestas Corporation');
INSERT INTO "courses" (title,subject,imageurl) VALUES ('137992285','arcu. Nunc','Sapien Incorporated');
INSERT INTO "courses" (title,subject,imageurl) VALUES ('701928376','ipsum. Suspendisse','Dapibus Rutrum Justo Consulting');
INSERT INTO "courses" (title,subject,imageurl) VALUES ('553242330','vehicula aliquet','Fusce Diam Nunc Limited');
INSERT INTO "courses" (title,subject,imageurl) VALUES ('264969908','non magna.','Mus Proin Foundation');
INSERT INTO "courses" (title,subject,imageurl) VALUES ('249804451','eget, venenatis','Odio Aliquam Vulputate Associates');
INSERT INTO "courses" (title,subject,imageurl) VALUES ('786585406','purus gravida','Fermentum Convallis Ligula Ltd');
INSERT INTO "courses" (title,subject,imageurl) VALUES ('783018872','eu, ultrices','Rhoncus Donec Est LLC');
INSERT INTO "courses" (title,subject,imageurl) VALUES ('874679814','feugiat nec,','Nec Eleifend Non Limited');
INSERT INTO "courses" (title,subject,imageurl) VALUES ('429571136','sagittis augue,','Dui Semper LLP');
INSERT INTO "courses" (title,subject,imageurl) VALUES ('244893509','facilisis eget,','Ipsum Porta Elit Associates');
INSERT INTO "courses" (title,subject,imageurl) VALUES ('797014164','sed tortor.','Facilisis LLP');
INSERT INTO "courses" (title,subject,imageurl) VALUES ('336142369','magna, malesuada','Quisque LLP');
INSERT INTO "courses" (title,subject,imageurl) VALUES ('997844774','nulla at','Etiam Bibendum Fermentum LLP');
INSERT INTO "courses" (title,subject,imageurl) VALUES ('898634019','pede sagittis','Parturient Montes Incorporated');
INSERT INTO "courses" (title,subject,imageurl) VALUES ('752832931','Fusce diam','Auctor Mauris Limited');
INSERT INTO "courses" (title,subject,imageurl) VALUES ('357103845','non, sollicitudin','Commodo Hendrerit Donec LLP');
INSERT INTO "courses" (title,subject,imageurl) VALUES ('630908630','Vestibulum ante','Vulputate Velit Eu Corp.');
INSERT INTO "courses" (title,subject,imageurl) VALUES ('704028257','quis arcu','Maecenas Mi Consulting');
INSERT INTO "courses" (title,subject,imageurl) VALUES ('510459035','convallis in,','Proin Ultrices Duis Incorporated');
INSERT INTO "courses" (title,subject,imageurl) VALUES ('141973636','sapien molestie','Nunc Interdum Feugiat Associates');
INSERT INTO "courses" (title,subject,imageurl) VALUES ('956690606','eget varius','Interdum Feugiat LLP');
INSERT INTO "courses" (title,subject,imageurl) VALUES ('752217323','sit amet','Neque Et Nunc LLP');
INSERT INTO "courses" (title,subject,imageurl) VALUES ('443110135','quis diam','Nullam Vitae PC');
INSERT INTO "courses" (title,subject,imageurl) VALUES ('583951033','id, blandit','Aliquet Company');
INSERT INTO "courses" (title,subject,imageurl) VALUES ('319607230','vel lectus.','Sem Mollis LLP');
INSERT INTO "courses" (title,subject,imageurl) VALUES ('105592976','amet massa.','Auctor Odio Inc.');
INSERT INTO "courses" (title,subject,imageurl) VALUES ('934730078','eget, ipsum.','Sed Dictum Proin Foundation');
INSERT INTO "courses" (title,subject,imageurl) VALUES ('727437709','Donec est','Feugiat Associates');
INSERT INTO "courses" (title,subject,imageurl) VALUES ('121114466','lorem, vehicula','Nulla Associates');
INSERT INTO "courses" (title,subject,imageurl) VALUES ('405779950','erat. Sed','Libero Lacus Institute');
INSERT INTO "courses" (title,subject,imageurl) VALUES ('773817028','dis parturient','Fames Ac Turpis LLP');
INSERT INTO "courses" (title,subject,imageurl) VALUES ('294943444','interdum feugiat.','Tortor At Risus Corp.');
INSERT INTO "courses" (title,subject,imageurl) VALUES ('831562194','auctor odio','Ac Facilisis Ltd');
INSERT INTO "courses" (title,subject,imageurl) VALUES ('579554403','ac turpis','Enim Nec Tempus Inc.');
INSERT INTO "courses" (title,subject,imageurl) VALUES ('669332405','consectetuer adipiscing','Adipiscing Company');
INSERT INTO "courses" (title,subject,imageurl) VALUES ('807556709','lorem, luctus','Sollicitudin Industries');
INSERT INTO "courses" (title,subject,imageurl) VALUES ('174544189','enim commodo','Adipiscing Inc.');
INSERT INTO "courses" (title,subject,imageurl) VALUES ('314661463','Mauris vel','Neque Vitae Semper Corporation');
INSERT INTO "courses" (title,subject,imageurl) VALUES ('054391578','dolor. Fusce','Lorem LLC');
INSERT INTO "courses" (title,subject,imageurl) VALUES ('101279990','pede et','Tellus Non LLC');
INSERT INTO "courses" (title,subject,imageurl) VALUES ('202509576','scelerisque scelerisque','Vitae Erat Incorporated');
INSERT INTO "courses" (title,subject,imageurl) VALUES ('901595058','euismod urna.','Vestibulum Ante Corp.');
INSERT INTO "courses" (title,subject,imageurl) VALUES ('988964458','Aliquam fringilla','Magna Et PC');
INSERT INTO "courses" (title,subject,imageurl) VALUES ('911101897','vitae, erat.','Sed Pede Corp.');
INSERT INTO "courses" (title,subject,imageurl) VALUES ('408157600','eleifend egestas.','Quisque Purus PC');
INSERT INTO "courses" (title,subject,imageurl) VALUES ('139590699','et, magna.','Eu Enim Foundation');
INSERT INTO "courses" (title,subject,imageurl) VALUES ('243130697','lacus. Etiam','Morbi Non LLC');
INSERT INTO "courses" (title,subject,imageurl) VALUES ('712932193','Duis gravida.','Integer Ltd');
INSERT INTO "courses" (title,subject,imageurl) VALUES ('587361221','imperdiet dictum','Mauris Eu Institute');
INSERT INTO "courses" (title,subject,imageurl) VALUES ('129332763','neque sed','Nisi Dictum Foundation');
INSERT INTO "courses" (title,subject,imageurl) VALUES ('262231038','ac mattis','Sed Tortor Corporation');
INSERT INTO "courses" (title,subject,imageurl) VALUES ('820989473','lobortis quis,','Sodales Elit Inc.');
INSERT INTO "courses" (title,subject,imageurl) VALUES ('544675341','mattis. Integer','Et Ipsum LLC');
INSERT INTO "courses" (title,subject,imageurl) VALUES ('818767766','vulputate, nisi','Auctor LLP');
INSERT INTO "courses" (title,subject,imageurl) VALUES ('481057099','gravida. Aliquam','Luctus PC');
INSERT INTO "courses" (title,subject,imageurl) VALUES ('704555713','neque. Sed','Gravida Sit Amet Ltd');
INSERT INTO "courses" (title,subject,imageurl) VALUES ('233619543','augue, eu','Faucibus Morbi LLP');
INSERT INTO "courses" (title,subject,imageurl) VALUES ('131460073','elit pede,','Pellentesque Habitant Limited');
INSERT INTO "courses" (title,subject,imageurl) VALUES ('505529222','consequat auctor,','Dictum LLC');
INSERT INTO "courses" (title,subject,imageurl) VALUES ('519508873','blandit congue.','Nec Foundation');
INSERT INTO "courses" (title,subject,imageurl) VALUES ('829066364','Ut tincidunt','Ut Associates');
INSERT INTO "courses" (title,subject,imageurl) VALUES ('542725023','Integer vulputate,','Metus Urna Industries');
INSERT INTO "courses" (title,subject,imageurl) VALUES ('885665984','netus et','Congue LLC');
INSERT INTO "courses" (title,subject,imageurl) VALUES ('329483713','vel est','Vivamus Corporation');
INSERT INTO "courses" (title,subject,imageurl) VALUES ('580135135','lorem eu','Urna Et LLP');
INSERT INTO "courses" (title,subject,imageurl) VALUES ('966273336','eu augue','Orci Luctus Et Consulting');
INSERT INTO "courses" (title,subject,imageurl) VALUES ('427657705','Fusce aliquet','Tellus Inc.');
INSERT INTO "courses" (title,subject,imageurl) VALUES ('552208423','Morbi sit','Erat Vivamus Industries');
INSERT INTO "courses" (title,subject,imageurl) VALUES ('865208243','adipiscing non,','A Dui Inc.');
INSERT INTO "courses" (title,subject,imageurl) VALUES ('058597899','accumsan neque','Eleifend Limited');

INSERT INTO "answers" (userAnswer) VALUES ('nunc sed pede.');
INSERT INTO "answers" (userAnswer) VALUES ('Quisque varius. Nam');
INSERT INTO "answers" (userAnswer) VALUES ('dignissim. Maecenas ornare');
INSERT INTO "answers" (userAnswer) VALUES ('dictum cursus. Nunc');
INSERT INTO "answers" (userAnswer) VALUES ('odio a purus.');
INSERT INTO "answers" (userAnswer) VALUES ('Donec luctus aliquet');
INSERT INTO "answers" (userAnswer) VALUES ('Duis gravida. Praesent');
INSERT INTO "answers" (userAnswer) VALUES ('Integer mollis. Integer');
INSERT INTO "answers" (userAnswer) VALUES ('risus. Nunc ac');
INSERT INTO "answers" (userAnswer) VALUES ('lectus sit amet');
INSERT INTO "answers" (userAnswer) VALUES ('egestas lacinia. Sed');
INSERT INTO "answers" (userAnswer) VALUES ('id ante dictum');
INSERT INTO "answers" (userAnswer) VALUES ('Nam porttitor scelerisque');
INSERT INTO "answers" (userAnswer) VALUES ('vel quam dignissim');
INSERT INTO "answers" (userAnswer) VALUES ('felis purus ac');
INSERT INTO "answers" (userAnswer) VALUES ('consequat enim diam');
INSERT INTO "answers" (userAnswer) VALUES ('a odio semper');
INSERT INTO "answers" (userAnswer) VALUES ('tincidunt, nunc ac');
INSERT INTO "answers" (userAnswer) VALUES ('parturient montes, nascetur');
INSERT INTO "answers" (userAnswer) VALUES ('egestas lacinia. Sed');
INSERT INTO "answers" (userAnswer) VALUES ('ipsum cursus vestibulum.');
INSERT INTO "answers" (userAnswer) VALUES ('Donec tempor, est');
INSERT INTO "answers" (userAnswer) VALUES ('ultrices iaculis odio.');
INSERT INTO "answers" (userAnswer) VALUES ('id magna et');
INSERT INTO "answers" (userAnswer) VALUES ('scelerisque mollis. Phasellus');
INSERT INTO "answers" (userAnswer) VALUES ('enim. Nunc ut');
INSERT INTO "answers" (userAnswer) VALUES ('Sed dictum. Proin');
INSERT INTO "answers" (userAnswer) VALUES ('egestas lacinia. Sed');
INSERT INTO "answers" (userAnswer) VALUES ('egestas hendrerit neque.');
INSERT INTO "answers" (userAnswer) VALUES ('Nam porttitor scelerisque');
INSERT INTO "answers" (userAnswer) VALUES ('fringilla ornare placerat,');
INSERT INTO "answers" (userAnswer) VALUES ('aliquet magna a');
INSERT INTO "answers" (userAnswer) VALUES ('elit fermentum risus,');
INSERT INTO "answers" (userAnswer) VALUES ('elementum, lorem ut');
INSERT INTO "answers" (userAnswer) VALUES ('Aliquam vulputate ullamcorper');
INSERT INTO "answers" (userAnswer) VALUES ('rhoncus. Donec est.');
INSERT INTO "answers" (userAnswer) VALUES ('sagittis semper. Nam');
INSERT INTO "answers" (userAnswer) VALUES ('rhoncus. Nullam velit');
INSERT INTO "answers" (userAnswer) VALUES ('enim commodo hendrerit.');
INSERT INTO "answers" (userAnswer) VALUES ('nonummy ipsum non');
INSERT INTO "answers" (userAnswer) VALUES ('tellus id nunc');
INSERT INTO "answers" (userAnswer) VALUES ('magnis dis parturient');
INSERT INTO "answers" (userAnswer) VALUES ('commodo auctor velit.');
INSERT INTO "answers" (userAnswer) VALUES ('et, eros. Proin');
INSERT INTO "answers" (userAnswer) VALUES ('eleifend vitae, erat.');
INSERT INTO "answers" (userAnswer) VALUES ('eleifend nec, malesuada');
INSERT INTO "answers" (userAnswer) VALUES ('sit amet diam');
INSERT INTO "answers" (userAnswer) VALUES ('Duis volutpat nunc');
INSERT INTO "answers" (userAnswer) VALUES ('ut cursus luctus,');
INSERT INTO "answers" (userAnswer) VALUES ('eleifend vitae, erat.');
INSERT INTO "answers" (userAnswer) VALUES ('sodales. Mauris blandit');
INSERT INTO "answers" (userAnswer) VALUES ('viverra. Donec tempus,');
INSERT INTO "answers" (userAnswer) VALUES ('euismod in, dolor.');
INSERT INTO "answers" (userAnswer) VALUES ('in molestie tortor');
INSERT INTO "answers" (userAnswer) VALUES ('faucibus orci luctus');
INSERT INTO "answers" (userAnswer) VALUES ('dictum ultricies ligula.');
INSERT INTO "answers" (userAnswer) VALUES ('sed leo. Cras');
INSERT INTO "answers" (userAnswer) VALUES ('pede. Praesent eu');
INSERT INTO "answers" (userAnswer) VALUES ('ornare lectus justo');
INSERT INTO "answers" (userAnswer) VALUES ('cursus. Integer mollis.');
INSERT INTO "answers" (userAnswer) VALUES ('euismod in, dolor.');
INSERT INTO "answers" (userAnswer) VALUES ('Sed diam lorem,');
INSERT INTO "answers" (userAnswer) VALUES ('et magnis dis');
INSERT INTO "answers" (userAnswer) VALUES ('Nullam scelerisque neque');
INSERT INTO "answers" (userAnswer) VALUES ('lacus. Cras interdum.');
INSERT INTO "answers" (userAnswer) VALUES ('litora torquent per');
INSERT INTO "answers" (userAnswer) VALUES ('nisi sem semper');
INSERT INTO "answers" (userAnswer) VALUES ('vitae, posuere at,');
INSERT INTO "answers" (userAnswer) VALUES ('dolor dapibus gravida.');
INSERT INTO "answers" (userAnswer) VALUES ('magnis dis parturient');
INSERT INTO "answers" (userAnswer) VALUES ('urna suscipit nonummy.');
INSERT INTO "answers" (userAnswer) VALUES ('ut lacus. Nulla');
INSERT INTO "answers" (userAnswer) VALUES ('Curae; Donec tincidunt.');
INSERT INTO "answers" (userAnswer) VALUES ('arcu. Morbi sit');
INSERT INTO "answers" (userAnswer) VALUES ('rhoncus. Proin nisl');
INSERT INTO "answers" (userAnswer) VALUES ('nostra, per inceptos');
INSERT INTO "answers" (userAnswer) VALUES ('tempor augue ac');
INSERT INTO "answers" (userAnswer) VALUES ('luctus vulputate, nisi');
INSERT INTO "answers" (userAnswer) VALUES ('elit pede, malesuada');
INSERT INTO "answers" (userAnswer) VALUES ('quam a felis');
INSERT INTO "answers" (userAnswer) VALUES ('turpis vitae purus');
INSERT INTO "answers" (userAnswer) VALUES ('sagittis placerat. Cras');
INSERT INTO "answers" (userAnswer) VALUES ('consequat, lectus sit');
INSERT INTO "answers" (userAnswer) VALUES ('vitae purus gravida');
INSERT INTO "answers" (userAnswer) VALUES ('Duis risus odio,');
INSERT INTO "answers" (userAnswer) VALUES ('vel quam dignissim');
INSERT INTO "answers" (userAnswer) VALUES ('aliquet. Proin velit.');
INSERT INTO "answers" (userAnswer) VALUES ('fermentum convallis ligula.');
INSERT INTO "answers" (userAnswer) VALUES ('vel, vulputate eu,');
INSERT INTO "answers" (userAnswer) VALUES ('risus. Duis a');
INSERT INTO "answers" (userAnswer) VALUES ('at, velit. Cras');
INSERT INTO "answers" (userAnswer) VALUES ('arcu. Morbi sit');
INSERT INTO "answers" (userAnswer) VALUES ('eget odio. Aliquam');
INSERT INTO "answers" (userAnswer) VALUES ('elementum at, egestas');
INSERT INTO "answers" (userAnswer) VALUES ('aliquam adipiscing lacus.');
INSERT INTO "answers" (userAnswer) VALUES ('fermentum vel, mauris.');
INSERT INTO "answers" (userAnswer) VALUES ('non, luctus sit');
INSERT INTO "answers" (userAnswer) VALUES ('tincidunt. Donec vitae');
INSERT INTO "answers" (userAnswer) VALUES ('Curabitur egestas nunc');
INSERT INTO "answers" (userAnswer) VALUES ('Integer eu lacus.');

INSERT INTO "tests" (title,threshold) VALUES ('Ac Ipsum Corp.',5);
INSERT INTO "tests" (title,threshold) VALUES ('Tellus Foundation',3);
INSERT INTO "tests" (title,threshold) VALUES ('Egestas Associates',3);
INSERT INTO "tests" (title,threshold) VALUES ('Metus Facilisis Foundation',5);
INSERT INTO "tests" (title,threshold) VALUES ('Ante Bibendum Ullamcorper Foundation',6);
INSERT INTO "tests" (title,threshold) VALUES ('Purus Duis Foundation',4);
INSERT INTO "tests" (title,threshold) VALUES ('Facilisis LLC',5);
INSERT INTO "tests" (title,threshold) VALUES ('Nec Ligula PC',6);
INSERT INTO "tests" (title,threshold) VALUES ('A Aliquet Foundation',4);
INSERT INTO "tests" (title,threshold) VALUES ('Sem Corporation',4);
INSERT INTO "tests" (title,threshold) VALUES ('Ut LLC',3);
INSERT INTO "tests" (title,threshold) VALUES ('Tellus Corp.',7);
INSERT INTO "tests" (title,threshold) VALUES ('Cras Vulputate Velit Associates',5);
INSERT INTO "tests" (title,threshold) VALUES ('Vitae Dolor Donec LLP',7);
INSERT INTO "tests" (title,threshold) VALUES ('Mus Donec Dignissim Ltd',5);
INSERT INTO "tests" (title,threshold) VALUES ('Mauris Eu Institute',5);
INSERT INTO "tests" (title,threshold) VALUES ('Nunc Ac Industries',4);
INSERT INTO "tests" (title,threshold) VALUES ('Malesuada Industries',6);
INSERT INTO "tests" (title,threshold) VALUES ('Nulla Eget LLC',2);
INSERT INTO "tests" (title,threshold) VALUES ('Cursus Non Egestas Limited',7);
INSERT INTO "tests" (title,threshold) VALUES ('Odio A Institute',5);
INSERT INTO "tests" (title,threshold) VALUES ('Adipiscing Inc.',5);
INSERT INTO "tests" (title,threshold) VALUES ('Odio Semper Cursus Inc.',7);
INSERT INTO "tests" (title,threshold) VALUES ('In Inc.',3);
INSERT INTO "tests" (title,threshold) VALUES ('Neque Sed Dictum Foundation',3);
INSERT INTO "tests" (title,threshold) VALUES ('Amet Nulla Donec LLP',7);
INSERT INTO "tests" (title,threshold) VALUES ('Donec Institute',6);
INSERT INTO "tests" (title,threshold) VALUES ('Cum Sociis Corporation',2);
INSERT INTO "tests" (title,threshold) VALUES ('Tortor Dictum Incorporated',7);
INSERT INTO "tests" (title,threshold) VALUES ('At Velit Ltd',6);
INSERT INTO "tests" (title,threshold) VALUES ('Mauris Ut Company',6);
INSERT INTO "tests" (title,threshold) VALUES ('Massa Lobortis Corp.',5);
INSERT INTO "tests" (title,threshold) VALUES ('Nec Ligula Associates',3);
INSERT INTO "tests" (title,threshold) VALUES ('Fermentum Company',3);
INSERT INTO "tests" (title,threshold) VALUES ('Diam Proin Ltd',6);
INSERT INTO "tests" (title,threshold) VALUES ('Venenatis Vel Foundation',3);
INSERT INTO "tests" (title,threshold) VALUES ('Nulla Interdum Curabitur Institute',3);
INSERT INTO "tests" (title,threshold) VALUES ('Nisi Limited',7);
INSERT INTO "tests" (title,threshold) VALUES ('Ipsum Donec Sollicitudin Company',5);
INSERT INTO "tests" (title,threshold) VALUES ('Congue Turpis Company',5);
INSERT INTO "tests" (title,threshold) VALUES ('Tempus Lorem LLP',3);
INSERT INTO "tests" (title,threshold) VALUES ('Mauris Ipsum Porta Institute',6);
INSERT INTO "tests" (title,threshold) VALUES ('Nascetur Corporation',6);
INSERT INTO "tests" (title,threshold) VALUES ('Nec Tempus Mauris Company',2);
INSERT INTO "tests" (title,threshold) VALUES ('Nec Luctus Limited',5);
INSERT INTO "tests" (title,threshold) VALUES ('Eget Limited',4);
INSERT INTO "tests" (title,threshold) VALUES ('Dis Parturient LLC',2);
INSERT INTO "tests" (title,threshold) VALUES ('Euismod In Dolor Associates',5);
INSERT INTO "tests" (title,threshold) VALUES ('Pede Blandit Foundation',4);
INSERT INTO "tests" (title,threshold) VALUES ('Quisque Corp.',3);
INSERT INTO "tests" (title,threshold) VALUES ('Ornare Tortor At Foundation',2);
INSERT INTO "tests" (title,threshold) VALUES ('Sodales Elit Erat Foundation',2);
INSERT INTO "tests" (title,threshold) VALUES ('Vitae Aliquam LLP',7);
INSERT INTO "tests" (title,threshold) VALUES ('Lobortis Risus Associates',4);
INSERT INTO "tests" (title,threshold) VALUES ('Dictum Eu Eleifend Industries',5);
INSERT INTO "tests" (title,threshold) VALUES ('Quam Elementum LLC',2);
INSERT INTO "tests" (title,threshold) VALUES ('Cubilia Curae; Incorporated',4);
INSERT INTO "tests" (title,threshold) VALUES ('Porttitor Corporation',4);
INSERT INTO "tests" (title,threshold) VALUES ('Lorem Ltd',5);
INSERT INTO "tests" (title,threshold) VALUES ('Ridiculus Mus Inc.',2);
INSERT INTO "tests" (title,threshold) VALUES ('Sociis Corp.',2);
INSERT INTO "tests" (title,threshold) VALUES ('Justo Nec Ante Incorporated',4);
INSERT INTO "tests" (title,threshold) VALUES ('Aliquam Nec Ltd',6);
INSERT INTO "tests" (title,threshold) VALUES ('Morbi Inc.',5);
INSERT INTO "tests" (title,threshold) VALUES ('Non Inc.',6);
INSERT INTO "tests" (title,threshold) VALUES ('Auctor Velit Company',2);
INSERT INTO "tests" (title,threshold) VALUES ('Auctor Mauris Corporation',7);
INSERT INTO "tests" (title,threshold) VALUES ('Cras Sed Leo LLC',6);
INSERT INTO "tests" (title,threshold) VALUES ('Sem Molestie Sodales LLC',5);
INSERT INTO "tests" (title,threshold) VALUES ('Elementum Corp.',2);
INSERT INTO "tests" (title,threshold) VALUES ('Et Commodo Company',4);
INSERT INTO "tests" (title,threshold) VALUES ('Arcu Curabitur Ut Corporation',7);
INSERT INTO "tests" (title,threshold) VALUES ('Ipsum Industries',7);
INSERT INTO "tests" (title,threshold) VALUES ('Lorem LLP',6);
INSERT INTO "tests" (title,threshold) VALUES ('Nascetur Institute',2);
INSERT INTO "tests" (title,threshold) VALUES ('Ac Nulla In Foundation',5);
INSERT INTO "tests" (title,threshold) VALUES ('Tempor Erat Industries',4);
INSERT INTO "tests" (title,threshold) VALUES ('Pede Nunc Limited',5);
INSERT INTO "tests" (title,threshold) VALUES ('Ipsum Institute',5);
INSERT INTO "tests" (title,threshold) VALUES ('Posuere Enim Nisl Inc.',3);
INSERT INTO "tests" (title,threshold) VALUES ('Ligula Nullam Enim Industries',7);
INSERT INTO "tests" (title,threshold) VALUES ('Quam Vel Sapien Limited',6);
INSERT INTO "tests" (title,threshold) VALUES ('Vitae Associates',3);
INSERT INTO "tests" (title,threshold) VALUES ('Nulla Integer Limited',7);
INSERT INTO "tests" (title,threshold) VALUES ('Nostra Corporation',6);
INSERT INTO "tests" (title,threshold) VALUES ('Etiam Vestibulum Foundation',5);
INSERT INTO "tests" (title,threshold) VALUES ('Convallis Incorporated',4);
INSERT INTO "tests" (title,threshold) VALUES ('Interdum Sed Inc.',4);
INSERT INTO "tests" (title,threshold) VALUES ('Mi Institute',5);
INSERT INTO "tests" (title,threshold) VALUES ('Quisque Ltd',3);
INSERT INTO "tests" (title,threshold) VALUES ('Duis Ac Limited',6);
INSERT INTO "tests" (title,threshold) VALUES ('Dolor Dolor Inc.',3);
INSERT INTO "tests" (title,threshold) VALUES ('In Scelerisque Inc.',2);
INSERT INTO "tests" (title,threshold) VALUES ('Tempus Mauris Erat Associates',3);
INSERT INTO "tests" (title,threshold) VALUES ('Dapibus Ligula Foundation',3);
INSERT INTO "tests" (title,threshold) VALUES ('Orci Limited',7);
INSERT INTO "tests" (title,threshold) VALUES ('Imperdiet Ornare In Limited',3);
INSERT INTO "tests" (title,threshold) VALUES ('Montes Nascetur Ridiculus Incorporated',5);
INSERT INTO "tests" (title,threshold) VALUES ('Amet Corporation',6);
INSERT INTO "tests" (title,threshold) VALUES ('Nisi Magna Industries',4);

INSERT INTO "content" (content,contentType) VALUES ('magna. Lorem ipsum dolor sit amet,','Audio');
INSERT INTO "content" (content,contentType) VALUES ('odio. Phasellus at augue id ante','Video');
INSERT INTO "content" (content,contentType) VALUES ('egestas ligula. Nullam feugiat placerat velit.','Image');
INSERT INTO "content" (content,contentType) VALUES ('arcu eu odio tristique pharetra. Quisque','Audio');
INSERT INTO "content" (content,contentType) VALUES ('posuere, enim nisl elementum purus, accumsan','Video');
INSERT INTO "content" (content,contentType) VALUES ('a sollicitudin orci sem eget massa.','Image');
INSERT INTO "content" (content,contentType) VALUES ('non nisi. Aenean eget metus. In','Video');
INSERT INTO "content" (content,contentType) VALUES ('ornare, lectus ante dictum mi, ac','Text');
INSERT INTO "content" (content,contentType) VALUES ('fames ac turpis egestas. Aliquam fringilla','Image');
INSERT INTO "content" (content,contentType) VALUES ('volutpat ornare, facilisis eget, ipsum. Donec','Image');
INSERT INTO "content" (content,contentType) VALUES ('Nullam suscipit, est ac facilisis facilisis,','Audio');
INSERT INTO "content" (content,contentType) VALUES ('tincidunt adipiscing. Mauris molestie pharetra nibh.','Image');
INSERT INTO "content" (content,contentType) VALUES ('ante blandit viverra. Donec tempus, lorem','Video');
INSERT INTO "content" (content,contentType) VALUES ('adipiscing fringilla, porttitor vulputate, posuere vulputate,','Image');
INSERT INTO "content" (content,contentType) VALUES ('Nam ligula elit, pretium et, rutrum','Text');
INSERT INTO "content" (content,contentType) VALUES ('Nunc laoreet lectus quis massa. Mauris','Video');
INSERT INTO "content" (content,contentType) VALUES ('dis parturient montes, nascetur ridiculus mus.','Audio');
INSERT INTO "content" (content,contentType) VALUES ('Aliquam gravida mauris ut mi. Duis','Image');
INSERT INTO "content" (content,contentType) VALUES ('Cras vulputate velit eu sem. Pellentesque','Text');
INSERT INTO "content" (content,contentType) VALUES ('accumsan neque et nunc. Quisque ornare','Image');
INSERT INTO "content" (content,contentType) VALUES ('vehicula. Pellentesque tincidunt tempus risus. Donec','Text');
INSERT INTO "content" (content,contentType) VALUES ('ut, pharetra sed, hendrerit a, arcu.','Image');
INSERT INTO "content" (content,contentType) VALUES ('dolor egestas rhoncus. Proin nisl sem,','Video');
INSERT INTO "content" (content,contentType) VALUES ('malesuada augue ut lacus. Nulla tincidunt,','Text');
INSERT INTO "content" (content,contentType) VALUES ('elit, pretium et, rutrum non, hendrerit','Image');
INSERT INTO "content" (content,contentType) VALUES ('mus. Aenean eget magna. Suspendisse tristique','Text');
INSERT INTO "content" (content,contentType) VALUES ('eleifend. Cras sed leo. Cras vehicula','Video');
INSERT INTO "content" (content,contentType) VALUES ('ridiculus mus. Proin vel arcu eu','Image');
INSERT INTO "content" (content,contentType) VALUES ('felis ullamcorper viverra. Maecenas iaculis aliquet','Text');
INSERT INTO "content" (content,contentType) VALUES ('lacinia at, iaculis quis, pede. Praesent','Video');
INSERT INTO "content" (content,contentType) VALUES ('rhoncus. Donec est. Nunc ullamcorper, velit','Audio');
INSERT INTO "content" (content,contentType) VALUES ('Nullam lobortis quam a felis ullamcorper','Audio');
INSERT INTO "content" (content,contentType) VALUES ('Integer tincidunt aliquam arcu. Aliquam ultrices','Text');
INSERT INTO "content" (content,contentType) VALUES ('erat, in consectetuer ipsum nunc id','Text');
INSERT INTO "content" (content,contentType) VALUES ('Aliquam fringilla cursus purus. Nullam scelerisque','Text');
INSERT INTO "content" (content,contentType) VALUES ('eget odio. Aliquam vulputate ullamcorper magna.','Audio');
INSERT INTO "content" (content,contentType) VALUES ('quam, elementum at, egestas a, scelerisque','Image');
INSERT INTO "content" (content,contentType) VALUES ('Curabitur sed tortor. Integer aliquam adipiscing','Video');
INSERT INTO "content" (content,contentType) VALUES ('amet, risus. Donec nibh enim, gravida','Image');
INSERT INTO "content" (content,contentType) VALUES ('Sed congue, elit sed consequat auctor,','Image');
INSERT INTO "content" (content,contentType) VALUES ('odio. Nam interdum enim non nisi.','Video');
INSERT INTO "content" (content,contentType) VALUES ('convallis est, vitae sodales nisi magna','Audio');
INSERT INTO "content" (content,contentType) VALUES ('id, mollis nec, cursus a, enim.','Audio');
INSERT INTO "content" (content,contentType) VALUES ('congue, elit sed consequat auctor, nunc','Video');
INSERT INTO "content" (content,contentType) VALUES ('ac mattis ornare, lectus ante dictum','Text');
INSERT INTO "content" (content,contentType) VALUES ('lorem eu metus. In lorem. Donec','Video');
INSERT INTO "content" (content,contentType) VALUES ('montes, nascetur ridiculus mus. Proin vel','Video');
INSERT INTO "content" (content,contentType) VALUES ('Suspendisse sagittis. Nullam vitae diam. Proin','Text');
INSERT INTO "content" (content,contentType) VALUES ('Sed congue, elit sed consequat auctor,','Video');
INSERT INTO "content" (content,contentType) VALUES ('amet diam eu dolor egestas rhoncus.','Audio');
INSERT INTO "content" (content,contentType) VALUES ('congue. In scelerisque scelerisque dui. Suspendisse','Audio');
INSERT INTO "content" (content,contentType) VALUES ('lorem fringilla ornare placerat, orci lacus','Image');
INSERT INTO "content" (content,contentType) VALUES ('Duis at lacus. Quisque purus sapien,','Video');
INSERT INTO "content" (content,contentType) VALUES ('morbi tristique senectus et netus et','Image');
INSERT INTO "content" (content,contentType) VALUES ('fermentum arcu. Vestibulum ante ipsum primis','Text');
INSERT INTO "content" (content,contentType) VALUES ('est arcu ac orci. Ut semper','Audio');
INSERT INTO "content" (content,contentType) VALUES ('id enim. Curabitur massa. Vestibulum accumsan','Audio');
INSERT INTO "content" (content,contentType) VALUES ('nec ligula consectetuer rhoncus. Nullam velit','Image');
INSERT INTO "content" (content,contentType) VALUES ('ut odio vel est tempor bibendum.','Text');
INSERT INTO "content" (content,contentType) VALUES ('amet ante. Vivamus non lorem vitae','Image');
INSERT INTO "content" (content,contentType) VALUES ('luctus. Curabitur egestas nunc sed libero.','Audio');
INSERT INTO "content" (content,contentType) VALUES ('ultricies ornare, elit elit fermentum risus,','Audio');
INSERT INTO "content" (content,contentType) VALUES ('enim. Nunc ut erat. Sed nunc','Text');
INSERT INTO "content" (content,contentType) VALUES ('Curabitur egestas nunc sed libero. Proin','Video');
INSERT INTO "content" (content,contentType) VALUES ('non, dapibus rutrum, justo. Praesent luctus.','Audio');
INSERT INTO "content" (content,contentType) VALUES ('pede. Nunc sed orci lobortis augue','Image');
INSERT INTO "content" (content,contentType) VALUES ('orci. Ut semper pretium neque. Morbi','Audio');
INSERT INTO "content" (content,contentType) VALUES ('vitae diam. Proin dolor. Nulla semper','Video');
INSERT INTO "content" (content,contentType) VALUES ('massa non ante bibendum ullamcorper. Duis','Image');
INSERT INTO "content" (content,contentType) VALUES ('libero at auctor ullamcorper, nisl arcu','Video');
INSERT INTO "content" (content,contentType) VALUES ('feugiat non, lobortis quis, pede. Suspendisse','Image');
INSERT INTO "content" (content,contentType) VALUES ('Nulla interdum. Curabitur dictum. Phasellus in','Audio');
INSERT INTO "content" (content,contentType) VALUES ('orci luctus et ultrices posuere cubilia','Video');
INSERT INTO "content" (content,contentType) VALUES ('tempor arcu. Vestibulum ut eros non','Video');
INSERT INTO "content" (content,contentType) VALUES ('tincidunt orci quis lectus. Nullam suscipit,','Image');
INSERT INTO "content" (content,contentType) VALUES ('Nam nulla magna, malesuada vel, convallis','Video');
INSERT INTO "content" (content,contentType) VALUES ('non, lacinia at, iaculis quis, pede.','Image');
INSERT INTO "content" (content,contentType) VALUES ('aliquam adipiscing lacus. Ut nec urna','Text');
INSERT INTO "content" (content,contentType) VALUES ('dapibus rutrum, justo. Praesent luctus. Curabitur','Image');
INSERT INTO "content" (content,contentType) VALUES ('Fusce feugiat. Lorem ipsum dolor sit','Text');
INSERT INTO "content" (content,contentType) VALUES ('dolor. Fusce feugiat. Lorem ipsum dolor','Audio');
INSERT INTO "content" (content,contentType) VALUES ('neque. Nullam nisl. Maecenas malesuada fringilla','Video');
INSERT INTO "content" (content,contentType) VALUES ('pretium neque. Morbi quis urna. Nunc','Video');
INSERT INTO "content" (content,contentType) VALUES ('In lorem. Donec elementum, lorem ut','Text');
INSERT INTO "content" (content,contentType) VALUES ('penatibus et magnis dis parturient montes,','Image');
INSERT INTO "content" (content,contentType) VALUES ('Fusce mi lorem, vehicula et, rutrum','Text');
INSERT INTO "content" (content,contentType) VALUES ('hendrerit consectetuer, cursus et, magna. Praesent','Video');
INSERT INTO "content" (content,contentType) VALUES ('eget laoreet posuere, enim nisl elementum','Video');
INSERT INTO "content" (content,contentType) VALUES ('felis. Donec tempor, est ac mattis','Image');
INSERT INTO "content" (content,contentType) VALUES ('lacus. Mauris non dui nec urna','Image');
INSERT INTO "content" (content,contentType) VALUES ('ac mattis ornare, lectus ante dictum','Text');
INSERT INTO "content" (content,contentType) VALUES ('iaculis enim, sit amet ornare lectus','Text');
INSERT INTO "content" (content,contentType) VALUES ('amet ultricies sem magna nec quam.','Image');
INSERT INTO "content" (content,contentType) VALUES ('magna a neque. Nullam ut nisi','Audio');
INSERT INTO "content" (content,contentType) VALUES ('convallis convallis dolor. Quisque tincidunt pede','Text');
INSERT INTO "content" (content,contentType) VALUES ('ipsum dolor sit amet, consectetuer adipiscing','Video');
INSERT INTO "content" (content,contentType) VALUES ('cursus purus. Nullam scelerisque neque sed','Video');
INSERT INTO "content" (content,contentType) VALUES ('orci. Ut sagittis lobortis mauris. Suspendisse','Text');
INSERT INTO "content" (content,contentType) VALUES ('auctor, nunc nulla vulputate dui, nec','Text');
INSERT INTO "content" (content,contentType) VALUES ('urna justo faucibus lectus, a sollicitudin','Video');

INSERT INTO "passages" (id,testid,result,is_right) VALUES (1,1,10,'true');
INSERT INTO "passages" (id,testid,result,is_right) VALUES (2,2,10,'false');
INSERT INTO "passages" (id,testid,result,is_right) VALUES (3,3,7,'false');
INSERT INTO "passages" (id,testid,result,is_right) VALUES (4,4,10,'true');
INSERT INTO "passages" (id,testid,result,is_right) VALUES (5,5,7,'true');
INSERT INTO "passages" (id,testid,result,is_right) VALUES (6,6,8,'false');
INSERT INTO "passages" (id,testid,result,is_right) VALUES (7,7,1,'false');
INSERT INTO "passages" (id,testid,result,is_right) VALUES (8,8,1,'false');
INSERT INTO "passages" (id,testid,result,is_right) VALUES (9,9,10,'true');
INSERT INTO "passages" (id,testid,result,is_right) VALUES (10,10,5,'false');
INSERT INTO "passages" (id,testid,result,is_right) VALUES (11,11,2,'true');
INSERT INTO "passages" (id,testid,result,is_right) VALUES (12,12,9,'true');
INSERT INTO "passages" (id,testid,result,is_right) VALUES (13,13,10,'false');
INSERT INTO "passages" (id,testid,result,is_right) VALUES (14,14,0,'true');
INSERT INTO "passages" (id,testid,result,is_right) VALUES (15,15,6,'true');
INSERT INTO "passages" (id,testid,result,is_right) VALUES (16,16,1,'true');
INSERT INTO "passages" (id,testid,result,is_right) VALUES (17,17,2,'true');
INSERT INTO "passages" (id,testid,result,is_right) VALUES (18,18,10,'true');
INSERT INTO "passages" (id,testid,result,is_right) VALUES (19,19,9,'false');
INSERT INTO "passages" (id,testid,result,is_right) VALUES (20,20,2,'false');
INSERT INTO "passages" (id,testid,result,is_right) VALUES (21,21,4,'true');
INSERT INTO "passages" (id,testid,result,is_right) VALUES (22,22,1,'true');
INSERT INTO "passages" (id,testid,result,is_right) VALUES (23,23,9,'true');
INSERT INTO "passages" (id,testid,result,is_right) VALUES (24,24,0,'false');
INSERT INTO "passages" (id,testid,result,is_right) VALUES (25,25,2,'false');
INSERT INTO "passages" (id,testid,result,is_right) VALUES (26,26,9,'true');
INSERT INTO "passages" (id,testid,result,is_right) VALUES (27,27,6,'true');
INSERT INTO "passages" (id,testid,result,is_right) VALUES (28,28,10,'false');
INSERT INTO "passages" (id,testid,result,is_right) VALUES (29,29,0,'true');
INSERT INTO "passages" (id,testid,result,is_right) VALUES (30,30,6,'true');
INSERT INTO "passages" (id,testid,result,is_right) VALUES (31,31,8,'true');
INSERT INTO "passages" (id,testid,result,is_right) VALUES (32,32,3,'true');
INSERT INTO "passages" (id,testid,result,is_right) VALUES (33,33,1,'true');
INSERT INTO "passages" (id,testid,result,is_right) VALUES (34,34,9,'false');
INSERT INTO "passages" (id,testid,result,is_right) VALUES (35,35,2,'true');
INSERT INTO "passages" (id,testid,result,is_right) VALUES (36,36,8,'false');
INSERT INTO "passages" (id,testid,result,is_right) VALUES (37,37,2,'false');
INSERT INTO "passages" (id,testid,result,is_right) VALUES (38,38,5,'true');
INSERT INTO "passages" (id,testid,result,is_right) VALUES (39,39,10,'true');
INSERT INTO "passages" (id,testid,result,is_right) VALUES (40,40,8,'false');
INSERT INTO "passages" (id,testid,result,is_right) VALUES (41,41,2,'false');
INSERT INTO "passages" (id,testid,result,is_right) VALUES (42,42,10,'false');
INSERT INTO "passages" (id,testid,result,is_right) VALUES (43,43,0,'false');
INSERT INTO "passages" (id,testid,result,is_right) VALUES (44,44,4,'false');
INSERT INTO "passages" (id,testid,result,is_right) VALUES (45,45,1,'true');
INSERT INTO "passages" (id,testid,result,is_right) VALUES (46,46,0,'false');
INSERT INTO "passages" (id,testid,result,is_right) VALUES (47,47,6,'false');
INSERT INTO "passages" (id,testid,result,is_right) VALUES (48,48,9,'true');
INSERT INTO "passages" (id,testid,result,is_right) VALUES (49,49,6,'true');
INSERT INTO "passages" (id,testid,result,is_right) VALUES (50,50,9,'false');
INSERT INTO "passages" (id,testid,result,is_right) VALUES (51,51,3,'false');
INSERT INTO "passages" (id,testid,result,is_right) VALUES (52,52,9,'true');
INSERT INTO "passages" (id,testid,result,is_right) VALUES (53,53,1,'true');
INSERT INTO "passages" (id,testid,result,is_right) VALUES (54,54,5,'true');
INSERT INTO "passages" (id,testid,result,is_right) VALUES (55,55,4,'false');
INSERT INTO "passages" (id,testid,result,is_right) VALUES (56,56,10,'false');
INSERT INTO "passages" (id,testid,result,is_right) VALUES (57,57,1,'true');
INSERT INTO "passages" (id,testid,result,is_right) VALUES (58,58,4,'true');
INSERT INTO "passages" (id,testid,result,is_right) VALUES (59,59,10,'false');
INSERT INTO "passages" (id,testid,result,is_right) VALUES (60,60,9,'false');
INSERT INTO "passages" (id,testid,result,is_right) VALUES (61,61,4,'false');
INSERT INTO "passages" (id,testid,result,is_right) VALUES (62,62,0,'false');
INSERT INTO "passages" (id,testid,result,is_right) VALUES (63,63,5,'false');
INSERT INTO "passages" (id,testid,result,is_right) VALUES (64,64,4,'false');
INSERT INTO "passages" (id,testid,result,is_right) VALUES (65,65,3,'false');
INSERT INTO "passages" (id,testid,result,is_right) VALUES (66,66,3,'true');
INSERT INTO "passages" (id,testid,result,is_right) VALUES (67,67,9,'true');
INSERT INTO "passages" (id,testid,result,is_right) VALUES (68,68,9,'false');
INSERT INTO "passages" (id,testid,result,is_right) VALUES (69,69,3,'false');
INSERT INTO "passages" (id,testid,result,is_right) VALUES (70,70,8,'false');
INSERT INTO "passages" (id,testid,result,is_right) VALUES (71,71,5,'true');
INSERT INTO "passages" (id,testid,result,is_right) VALUES (72,72,2,'false');
INSERT INTO "passages" (id,testid,result,is_right) VALUES (73,73,1,'false');
INSERT INTO "passages" (id,testid,result,is_right) VALUES (74,74,6,'true');
INSERT INTO "passages" (id,testid,result,is_right) VALUES (75,75,10,'true');
INSERT INTO "passages" (id,testid,result,is_right) VALUES (76,76,4,'false');
INSERT INTO "passages" (id,testid,result,is_right) VALUES (77,77,0,'true');
INSERT INTO "passages" (id,testid,result,is_right) VALUES (78,78,5,'true');
INSERT INTO "passages" (id,testid,result,is_right) VALUES (79,79,0,'false');
INSERT INTO "passages" (id,testid,result,is_right) VALUES (80,80,8,'true');
INSERT INTO "passages" (id,testid,result,is_right) VALUES (81,81,1,'true');
INSERT INTO "passages" (id,testid,result,is_right) VALUES (82,82,8,'false');
INSERT INTO "passages" (id,testid,result,is_right) VALUES (83,83,9,'false');
INSERT INTO "passages" (id,testid,result,is_right) VALUES (84,84,3,'true');
INSERT INTO "passages" (id,testid,result,is_right) VALUES (85,85,9,'false');
INSERT INTO "passages" (id,testid,result,is_right) VALUES (86,86,2,'true');
INSERT INTO "passages" (id,testid,result,is_right) VALUES (87,87,8,'true');
INSERT INTO "passages" (id,testid,result,is_right) VALUES (88,88,9,'true');
INSERT INTO "passages" (id,testid,result,is_right) VALUES (89,89,7,'false');
INSERT INTO "passages" (id,testid,result,is_right) VALUES (90,90,3,'false');
INSERT INTO "passages" (id,testid,result,is_right) VALUES (91,91,8,'false');
INSERT INTO "passages" (id,testid,result,is_right) VALUES (92,92,5,'false');
INSERT INTO "passages" (id,testid,result,is_right) VALUES (93,93,9,'false');
INSERT INTO "passages" (id,testid,result,is_right) VALUES (94,94,8,'false');
INSERT INTO "passages" (id,testid,result,is_right) VALUES (95,95,1,'true');
INSERT INTO "passages" (id,testid,result,is_right) VALUES (96,96,3,'false');
INSERT INTO "passages" (id,testid,result,is_right) VALUES (97,97,4,'true');
INSERT INTO "passages" (id,testid,result,is_right) VALUES (98,98,3,'false');
INSERT INTO "passages" (id,testid,result,is_right) VALUES (99,99,9,'true');
INSERT INTO "passages" (id,testid,result,is_right) VALUES (100,100,7,'false');

INSERT INTO "lesson" (coursesId,title) VALUES (1,'Dominica');
INSERT INTO "lesson" (coursesId,title) VALUES (2,'Guam');
INSERT INTO "lesson" (coursesId,title) VALUES (3,'United Kingdom (Great Britain)');
INSERT INTO "lesson" (coursesId,title) VALUES (4,'Heard Island and Mcdonald Islands');
INSERT INTO "lesson" (coursesId,title) VALUES (5,'Saint Barthélemy');
INSERT INTO "lesson" (coursesId,title) VALUES (6,'Wallis and Futuna');
INSERT INTO "lesson" (coursesId,title) VALUES (7,'Djibouti');
INSERT INTO "lesson" (coursesId,title) VALUES (8,'New Zealand');
INSERT INTO "lesson" (coursesId,title) VALUES (9,'Ghana');
INSERT INTO "lesson" (coursesId,title) VALUES (10,'Portugal');
INSERT INTO "lesson" (coursesId,title) VALUES (11,'Bosnia and Herzegovina');
INSERT INTO "lesson" (coursesId,title) VALUES (12,'Congo, the Democratic Republic of the');
INSERT INTO "lesson" (coursesId,title) VALUES (13,'Samoa');
INSERT INTO "lesson" (coursesId,title) VALUES (14,'Iceland');
INSERT INTO "lesson" (coursesId,title) VALUES (15,'Curaçao');
INSERT INTO "lesson" (coursesId,title) VALUES (16,'Guam');
INSERT INTO "lesson" (coursesId,title) VALUES (17,'United Kingdom (Great Britain)');
INSERT INTO "lesson" (coursesId,title) VALUES (18,'Venezuela');
INSERT INTO "lesson" (coursesId,title) VALUES (19,'Djibouti');
INSERT INTO "lesson" (coursesId,title) VALUES (20,'Saint Helena, Ascension and Tristan da Cunha');
INSERT INTO "lesson" (coursesId,title) VALUES (21,'Paraguay');
INSERT INTO "lesson" (coursesId,title) VALUES (22,'Cameroon');
INSERT INTO "lesson" (coursesId,title) VALUES (23,'Timor-Leste');
INSERT INTO "lesson" (coursesId,title) VALUES (24,'Bermuda');
INSERT INTO "lesson" (coursesId,title) VALUES (25,'El Salvador');
INSERT INTO "lesson" (coursesId,title) VALUES (26,'Bosnia and Herzegovina');
INSERT INTO "lesson" (coursesId,title) VALUES (27,'Korea, South');
INSERT INTO "lesson" (coursesId,title) VALUES (28,'Cuba');
INSERT INTO "lesson" (coursesId,title) VALUES (29,'Uruguay');
INSERT INTO "lesson" (coursesId,title) VALUES (30,'Guinea');
INSERT INTO "lesson" (coursesId,title) VALUES (31,'Micronesia');
INSERT INTO "lesson" (coursesId,title) VALUES (32,'Philippines');
INSERT INTO "lesson" (coursesId,title) VALUES (33,'Turkmenistan');
INSERT INTO "lesson" (coursesId,title) VALUES (34,'Nicaragua');
INSERT INTO "lesson" (coursesId,title) VALUES (35,'Cambodia');
INSERT INTO "lesson" (coursesId,title) VALUES (36,'Aruba');
INSERT INTO "lesson" (coursesId,title) VALUES (37,'Indonesia');
INSERT INTO "lesson" (coursesId,title) VALUES (38,'Brunei');
INSERT INTO "lesson" (coursesId,title) VALUES (39,'Myanmar');
INSERT INTO "lesson" (coursesId,title) VALUES (40,'Mexico');
INSERT INTO "lesson" (coursesId,title) VALUES (41,'Ethiopia');
INSERT INTO "lesson" (coursesId,title) VALUES (42,'Ghana');
INSERT INTO "lesson" (coursesId,title) VALUES (43,'Western Sahara');
INSERT INTO "lesson" (coursesId,title) VALUES (44,'Rwanda');
INSERT INTO "lesson" (coursesId,title) VALUES (45,'American Samoa');
INSERT INTO "lesson" (coursesId,title) VALUES (46,'Viet Nam');
INSERT INTO "lesson" (coursesId,title) VALUES (47,'Czech Republic');
INSERT INTO "lesson" (coursesId,title) VALUES (48,'Greece');
INSERT INTO "lesson" (coursesId,title) VALUES (49,'India');
INSERT INTO "lesson" (coursesId,title) VALUES (50,'Saudi Arabia');
INSERT INTO "lesson" (coursesId,title) VALUES (51,'New Caledonia');
INSERT INTO "lesson" (coursesId,title) VALUES (52,'Swaziland');
INSERT INTO "lesson" (coursesId,title) VALUES (53,'Korea, North');
INSERT INTO "lesson" (coursesId,title) VALUES (54,'Montserrat');
INSERT INTO "lesson" (coursesId,title) VALUES (55,'Åland Islands');
INSERT INTO "lesson" (coursesId,title) VALUES (56,'Liechtenstein');
INSERT INTO "lesson" (coursesId,title) VALUES (57,'Guadeloupe');
INSERT INTO "lesson" (coursesId,title) VALUES (58,'Timor-Leste');
INSERT INTO "lesson" (coursesId,title) VALUES (59,'Sao Tome and Principe');
INSERT INTO "lesson" (coursesId,title) VALUES (60,'Timor-Leste');
INSERT INTO "lesson" (coursesId,title) VALUES (61,'Romania');
INSERT INTO "lesson" (coursesId,title) VALUES (62,'Morocco');
INSERT INTO "lesson" (coursesId,title) VALUES (63,'Fiji');
INSERT INTO "lesson" (coursesId,title) VALUES (64,'Niger');
INSERT INTO "lesson" (coursesId,title) VALUES (65,'Argentina');
INSERT INTO "lesson" (coursesId,title) VALUES (66,'Australia');
INSERT INTO "lesson" (coursesId,title) VALUES (67,'Japan');
INSERT INTO "lesson" (coursesId,title) VALUES (68,'Sao Tome and Principe');
INSERT INTO "lesson" (coursesId,title) VALUES (69,'Portugal');
INSERT INTO "lesson" (coursesId,title) VALUES (70,'Congo, the Democratic Republic of the');
INSERT INTO "lesson" (coursesId,title) VALUES (71,'Comoros');
INSERT INTO "lesson" (coursesId,title) VALUES (72,'Bermuda');
INSERT INTO "lesson" (coursesId,title) VALUES (73,'San Marino');
INSERT INTO "lesson" (coursesId,title) VALUES (74,'Mongolia');
INSERT INTO "lesson" (coursesId,title) VALUES (75,'Turkmenistan');
INSERT INTO "lesson" (coursesId,title) VALUES (76,'Turks and Caicos Islands');
INSERT INTO "lesson" (coursesId,title) VALUES (77,'Guinea');
INSERT INTO "lesson" (coursesId,title) VALUES (78,'Vanuatu');
INSERT INTO "lesson" (coursesId,title) VALUES (79,'Spain');
INSERT INTO "lesson" (coursesId,title) VALUES (80,'Guinea-Bissau');
INSERT INTO "lesson" (coursesId,title) VALUES (81,'Korea, South');
INSERT INTO "lesson" (coursesId,title) VALUES (82,'Jordan');
INSERT INTO "lesson" (coursesId,title) VALUES (83,'Turkmenistan');
INSERT INTO "lesson" (coursesId,title) VALUES (84,'Canada');
INSERT INTO "lesson" (coursesId,title) VALUES (85,'United Kingdom (Great Britain)');
INSERT INTO "lesson" (coursesId,title) VALUES (86,'Saint Vincent and The Grenadines');
INSERT INTO "lesson" (coursesId,title) VALUES (87,'Canada');
INSERT INTO "lesson" (coursesId,title) VALUES (88,'Canada');
INSERT INTO "lesson" (coursesId,title) VALUES (89,'Burkina Faso');
INSERT INTO "lesson" (coursesId,title) VALUES (90,'Kyrgyzstan');
INSERT INTO "lesson" (coursesId,title) VALUES (91,'Congo (Brazzaville)');
INSERT INTO "lesson" (coursesId,title) VALUES (92,'Jersey');
INSERT INTO "lesson" (coursesId,title) VALUES (93,'Spain');
INSERT INTO "lesson" (coursesId,title) VALUES (94,'Congo (Brazzaville)');
INSERT INTO "lesson" (coursesId,title) VALUES (95,'Congo (Brazzaville)');
INSERT INTO "lesson" (coursesId,title) VALUES (96,'Equatorial Guinea');
INSERT INTO "lesson" (coursesId,title) VALUES (97,'Latvia');
INSERT INTO "lesson" (coursesId,title) VALUES (98,'Libya');
INSERT INTO "lesson" (coursesId,title) VALUES (99,'Brazil');
INSERT INTO "lesson" (coursesId,title) VALUES (100,'Armenia');

INSERT INTO "materials" (title,lessonId) VALUES ('Greenlaw',1);
INSERT INTO "materials" (title,lessonId) VALUES ('OugrŽe',2);
INSERT INTO "materials" (title,lessonId) VALUES ('High Level',3);
INSERT INTO "materials" (title,lessonId) VALUES ('Lampeter',4);
INSERT INTO "materials" (title,lessonId) VALUES ('Isca sullo Ionio',5);
INSERT INTO "materials" (title,lessonId) VALUES ('Beypazarı',6);
INSERT INTO "materials" (title,lessonId) VALUES ('Anantapur',7);
INSERT INTO "materials" (title,lessonId) VALUES ('Trois-Rivières',8);
INSERT INTO "materials" (title,lessonId) VALUES ('Bhavnagar',9);
INSERT INTO "materials" (title,lessonId) VALUES ('Werbomont',10);
INSERT INTO "materials" (title,lessonId) VALUES ('Cerchio',11);
INSERT INTO "materials" (title,lessonId) VALUES ('Malartic',12);
INSERT INTO "materials" (title,lessonId) VALUES ('Herdersem',13);
INSERT INTO "materials" (title,lessonId) VALUES ('Klabbeek',14);
INSERT INTO "materials" (title,lessonId) VALUES ('Cavallino',15);
INSERT INTO "materials" (title,lessonId) VALUES ('Renfrew',16);
INSERT INTO "materials" (title,lessonId) VALUES ('Spokane',17);
INSERT INTO "materials" (title,lessonId) VALUES ('Tiruvottiyur',18);
INSERT INTO "materials" (title,lessonId) VALUES ('Denver',19);
INSERT INTO "materials" (title,lessonId) VALUES ('Verrayes',20);
INSERT INTO "materials" (title,lessonId) VALUES ('Ereğli',21);
INSERT INTO "materials" (title,lessonId) VALUES ('Bauchi',22);
INSERT INTO "materials" (title,lessonId) VALUES ('Essex',23);
INSERT INTO "materials" (title,lessonId) VALUES ('Schweinfurt',24);
INSERT INTO "materials" (title,lessonId) VALUES ('Silverton',25);
INSERT INTO "materials" (title,lessonId) VALUES ('Vagli Sotto',26);
INSERT INTO "materials" (title,lessonId) VALUES ('Llanidloes',27);
INSERT INTO "materials" (title,lessonId) VALUES ('Bienne-lez-Happart',28);
INSERT INTO "materials" (title,lessonId) VALUES ('Subbiano',29);
INSERT INTO "materials" (title,lessonId) VALUES ('Lowestoft',30);
INSERT INTO "materials" (title,lessonId) VALUES ('Coupar Angus',31);
INSERT INTO "materials" (title,lessonId) VALUES ('Ikot Ekpene',32);
INSERT INTO "materials" (title,lessonId) VALUES ('Columbia',33);
INSERT INTO "materials" (title,lessonId) VALUES ('Cartagena',34);
INSERT INTO "materials" (title,lessonId) VALUES ('Osasco',35);
INSERT INTO "materials" (title,lessonId) VALUES ('Vejalpur',36);
INSERT INTO "materials" (title,lessonId) VALUES ('Seevetal',37);
INSERT INTO "materials" (title,lessonId) VALUES ('Invergordon',38);
INSERT INTO "materials" (title,lessonId) VALUES ('Velletri',39);
INSERT INTO "materials" (title,lessonId) VALUES ('Queenstown',40);
INSERT INTO "materials" (title,lessonId) VALUES ('San Pedro de la Paz',41);
INSERT INTO "materials" (title,lessonId) VALUES ('Jackson',42);
INSERT INTO "materials" (title,lessonId) VALUES ('Gravelbourg',43);
INSERT INTO "materials" (title,lessonId) VALUES ('Filignano',44);
INSERT INTO "materials" (title,lessonId) VALUES ('Godhra',45);
INSERT INTO "materials" (title,lessonId) VALUES ('Langford',46);
INSERT INTO "materials" (title,lessonId) VALUES ('Neuwied',47);
INSERT INTO "materials" (title,lessonId) VALUES ('Bergama',48);
INSERT INTO "materials" (title,lessonId) VALUES ('Kungälv',49);
INSERT INTO "materials" (title,lessonId) VALUES ('Maria',50);
INSERT INTO "materials" (title,lessonId) VALUES ('Santarém',51);
INSERT INTO "materials" (title,lessonId) VALUES ('Piancastagnaio',52);
INSERT INTO "materials" (title,lessonId) VALUES ('Río Verde',53);
INSERT INTO "materials" (title,lessonId) VALUES ('Haut-Ittre',54);
INSERT INTO "materials" (title,lessonId) VALUES ('Wijshagen',55);
INSERT INTO "materials" (title,lessonId) VALUES ('Fontecchio',56);
INSERT INTO "materials" (title,lessonId) VALUES ('Castelló',57);
INSERT INTO "materials" (title,lessonId) VALUES ('North Saanich',58);
INSERT INTO "materials" (title,lessonId) VALUES ('Buccheri',59);
INSERT INTO "materials" (title,lessonId) VALUES ('Pincher Creek',60);
INSERT INTO "materials" (title,lessonId) VALUES ('Bloxham',61);
INSERT INTO "materials" (title,lessonId) VALUES ('Lennik',62);
INSERT INTO "materials" (title,lessonId) VALUES ('Sale',63);
INSERT INTO "materials" (title,lessonId) VALUES ('Borgo Valsugana',64);
INSERT INTO "materials" (title,lessonId) VALUES ('Colorno',65);
INSERT INTO "materials" (title,lessonId) VALUES ('Morvi',66);
INSERT INTO "materials" (title,lessonId) VALUES ('Pincher Creek',67);
INSERT INTO "materials" (title,lessonId) VALUES ('Gadag Betigeri',68);
INSERT INTO "materials" (title,lessonId) VALUES ('Comblain-la-Tour',69);
INSERT INTO "materials" (title,lessonId) VALUES ('Bally',70);
INSERT INTO "materials" (title,lessonId) VALUES ('Wilmington',71);
INSERT INTO "materials" (title,lessonId) VALUES ('Kirkcaldy',72);
INSERT INTO "materials" (title,lessonId) VALUES ('Great Yarmouth',73);
INSERT INTO "materials" (title,lessonId) VALUES ('Termoli',74);
INSERT INTO "materials" (title,lessonId) VALUES ('Argyle',75);
INSERT INTO "materials" (title,lessonId) VALUES ('Berwick',76);
INSERT INTO "materials" (title,lessonId) VALUES ('Oordegem',77);
INSERT INTO "materials" (title,lessonId) VALUES ('Sant''Agata Bolognese',78);
INSERT INTO "materials" (title,lessonId) VALUES ('Recco',79);
INSERT INTO "materials" (title,lessonId) VALUES ('Grey County',80);
INSERT INTO "materials" (title,lessonId) VALUES ('Châtellerault',81);
INSERT INTO "materials" (title,lessonId) VALUES ('Lac-Serent',82);
INSERT INTO "materials" (title,lessonId) VALUES ('Kobbegem',83);
INSERT INTO "materials" (title,lessonId) VALUES ('Branchon',84);
INSERT INTO "materials" (title,lessonId) VALUES ('Los Lagos',85);
INSERT INTO "materials" (title,lessonId) VALUES ('Massello',86);
INSERT INTO "materials" (title,lessonId) VALUES ('New Sarepta',87);
INSERT INTO "materials" (title,lessonId) VALUES ('Hollogne-sur-Geer',88);
INSERT INTO "materials" (title,lessonId) VALUES ('Ararat',89);
INSERT INTO "materials" (title,lessonId) VALUES ('Louisville',90);
INSERT INTO "materials" (title,lessonId) VALUES ('Bitterfeld-Wolfen',91);
INSERT INTO "materials" (title,lessonId) VALUES ('Los Ángeles',92);
INSERT INTO "materials" (title,lessonId) VALUES ('Palena',93);
INSERT INTO "materials" (title,lessonId) VALUES ('Aberdeen',94);
INSERT INTO "materials" (title,lessonId) VALUES ('Groenlo',95);
INSERT INTO "materials" (title,lessonId) VALUES ('NeuprŽ',96);
INSERT INTO "materials" (title,lessonId) VALUES ('Traiguén',97);
INSERT INTO "materials" (title,lessonId) VALUES ('Gdynia',98);
INSERT INTO "materials" (title,lessonId) VALUES ('Cariboo Regional District',99);
INSERT INTO "materials" (title,lessonId) VALUES ('Bexbach',100);

INSERT INTO "questions" (textQuestion,answerType,testid,rightAnswerId) VALUES ('libero at auctor ullamcorper,','Single',1,1);
INSERT INTO "questions" (textQuestion,answerType,testid,rightAnswerId) VALUES ('a mi fringilla mi','Multy',2,2);
INSERT INTO "questions" (textQuestion,answerType,testid,rightAnswerId) VALUES ('laoreet lectus quis massa.','Single',3,3);
INSERT INTO "questions" (textQuestion,answerType,testid,rightAnswerId) VALUES ('lectus convallis est, vitae','Single',4,4);
INSERT INTO "questions" (textQuestion,answerType,testid,rightAnswerId) VALUES ('suscipit, est ac facilisis','Single',5,5);
INSERT INTO "questions" (textQuestion,answerType,testid,rightAnswerId) VALUES ('Phasellus vitae mauris sit','Single',6,6);
INSERT INTO "questions" (textQuestion,answerType,testid,rightAnswerId) VALUES ('adipiscing non, luctus sit','Single',7,7);
INSERT INTO "questions" (textQuestion,answerType,testid,rightAnswerId) VALUES ('tristique pellentesque, tellus sem','Multy',8,8);
INSERT INTO "questions" (textQuestion,answerType,testid,rightAnswerId) VALUES ('aliquet lobortis, nisi nibh','Multy',9,9);
INSERT INTO "questions" (textQuestion,answerType,testid,rightAnswerId) VALUES ('dolor, tempus non, lacinia','Single',10,10);
INSERT INTO "questions" (textQuestion,answerType,testid,rightAnswerId) VALUES ('ipsum cursus vestibulum. Mauris','Multy',11,11);
INSERT INTO "questions" (textQuestion,answerType,testid,rightAnswerId) VALUES ('ac turpis egestas. Aliquam','Single',12,12);
INSERT INTO "questions" (textQuestion,answerType,testid,rightAnswerId) VALUES ('gravida. Praesent eu nulla','Multy',13,13);
INSERT INTO "questions" (textQuestion,answerType,testid,rightAnswerId) VALUES ('neque sed sem egestas','Single',14,14);
INSERT INTO "questions" (textQuestion,answerType,testid,rightAnswerId) VALUES ('nec luctus felis purus','Multy',15,15);
INSERT INTO "questions" (textQuestion,answerType,testid,rightAnswerId) VALUES ('egestas rhoncus. Proin nisl','Multy',16,16);
INSERT INTO "questions" (textQuestion,answerType,testid,rightAnswerId) VALUES ('semper tellus id nunc','Single',17,17);
INSERT INTO "questions" (textQuestion,answerType,testid,rightAnswerId) VALUES ('orci sem eget massa.','Multy',18,18);
INSERT INTO "questions" (textQuestion,answerType,testid,rightAnswerId) VALUES ('a, dui. Cras pellentesque.','Single',19,19);
INSERT INTO "questions" (textQuestion,answerType,testid,rightAnswerId) VALUES ('sapien. Cras dolor dolor,','Single',20,20);
INSERT INTO "questions" (textQuestion,answerType,testid,rightAnswerId) VALUES ('lobortis augue scelerisque mollis.','Single',21,21);
INSERT INTO "questions" (textQuestion,answerType,testid,rightAnswerId) VALUES ('Maecenas libero est, congue','Multy',22,22);
INSERT INTO "questions" (textQuestion,answerType,testid,rightAnswerId) VALUES ('diam. Sed diam lorem,','Single',23,23);
INSERT INTO "questions" (textQuestion,answerType,testid,rightAnswerId) VALUES ('commodo hendrerit. Donec porttitor','Single',24,24);
INSERT INTO "questions" (textQuestion,answerType,testid,rightAnswerId) VALUES ('odio. Phasellus at augue','Single',25,25);
INSERT INTO "questions" (textQuestion,answerType,testid,rightAnswerId) VALUES ('nibh. Phasellus nulla. Integer','Multy',26,26);
INSERT INTO "questions" (textQuestion,answerType,testid,rightAnswerId) VALUES ('facilisis non, bibendum sed,','Multy',27,27);
INSERT INTO "questions" (textQuestion,answerType,testid,rightAnswerId) VALUES ('purus gravida sagittis. Duis','Multy',28,28);
INSERT INTO "questions" (textQuestion,answerType,testid,rightAnswerId) VALUES ('nisl. Quisque fringilla euismod','Multy',29,29);
INSERT INTO "questions" (textQuestion,answerType,testid,rightAnswerId) VALUES ('Phasellus vitae mauris sit','Multy',30,30);
INSERT INTO "questions" (textQuestion,answerType,testid,rightAnswerId) VALUES ('vel lectus. Cum sociis','Multy',31,31);
INSERT INTO "questions" (textQuestion,answerType,testid,rightAnswerId) VALUES ('Nullam scelerisque neque sed','Multy',32,32);
INSERT INTO "questions" (textQuestion,answerType,testid,rightAnswerId) VALUES ('lorem vitae odio sagittis','Single',33,33);
INSERT INTO "questions" (textQuestion,answerType,testid,rightAnswerId) VALUES ('sem, vitae aliquam eros','Multy',34,34);
INSERT INTO "questions" (textQuestion,answerType,testid,rightAnswerId) VALUES ('Integer id magna et','Multy',35,35);
INSERT INTO "questions" (textQuestion,answerType,testid,rightAnswerId) VALUES ('Donec at arcu. Vestibulum','Multy',36,36);
INSERT INTO "questions" (textQuestion,answerType,testid,rightAnswerId) VALUES ('tincidunt dui augue eu','Multy',37,37);
INSERT INTO "questions" (textQuestion,answerType,testid,rightAnswerId) VALUES ('nunc sit amet metus.','Single',38,38);
INSERT INTO "questions" (textQuestion,answerType,testid,rightAnswerId) VALUES ('in consequat enim diam','Single',39,39);
INSERT INTO "questions" (textQuestion,answerType,testid,rightAnswerId) VALUES ('dictum augue malesuada malesuada.','Single',40,40);
INSERT INTO "questions" (textQuestion,answerType,testid,rightAnswerId) VALUES ('sed, hendrerit a, arcu.','Single',41,41);
INSERT INTO "questions" (textQuestion,answerType,testid,rightAnswerId) VALUES ('enim mi tempor lorem,','Multy',42,42);
INSERT INTO "questions" (textQuestion,answerType,testid,rightAnswerId) VALUES ('convallis ligula. Donec luctus','Multy',43,43);
INSERT INTO "questions" (textQuestion,answerType,testid,rightAnswerId) VALUES ('non quam. Pellentesque habitant','Single',44,44);
INSERT INTO "questions" (textQuestion,answerType,testid,rightAnswerId) VALUES ('consectetuer adipiscing elit. Etiam','Multy',45,45);
INSERT INTO "questions" (textQuestion,answerType,testid,rightAnswerId) VALUES ('porttitor scelerisque neque. Nullam','Multy',46,46);
INSERT INTO "questions" (textQuestion,answerType,testid,rightAnswerId) VALUES ('imperdiet dictum magna. Ut','Multy',47,47);
INSERT INTO "questions" (textQuestion,answerType,testid,rightAnswerId) VALUES ('Duis volutpat nunc sit','Single',48,48);
INSERT INTO "questions" (textQuestion,answerType,testid,rightAnswerId) VALUES ('Donec egestas. Aliquam nec','Single',49,49);
INSERT INTO "questions" (textQuestion,answerType,testid,rightAnswerId) VALUES ('sem eget massa. Suspendisse','Multy',50,50);
INSERT INTO "questions" (textQuestion,answerType,testid,rightAnswerId) VALUES ('purus mauris a nunc.','Single',51,51);
INSERT INTO "questions" (textQuestion,answerType,testid,rightAnswerId) VALUES ('dolor. Fusce mi lorem,','Multy',52,52);
INSERT INTO "questions" (textQuestion,answerType,testid,rightAnswerId) VALUES ('vitae purus gravida sagittis.','Single',53,53);
INSERT INTO "questions" (textQuestion,answerType,testid,rightAnswerId) VALUES ('Duis a mi fringilla','Multy',54,54);
INSERT INTO "questions" (textQuestion,answerType,testid,rightAnswerId) VALUES ('venenatis a, magna. Lorem','Single',55,55);
INSERT INTO "questions" (textQuestion,answerType,testid,rightAnswerId) VALUES ('Sed id risus quis','Multy',56,56);
INSERT INTO "questions" (textQuestion,answerType,testid,rightAnswerId) VALUES ('metus sit amet ante.','Single',57,57);
INSERT INTO "questions" (textQuestion,answerType,testid,rightAnswerId) VALUES ('fringilla. Donec feugiat metus','Multy',58,58);
INSERT INTO "questions" (textQuestion,answerType,testid,rightAnswerId) VALUES ('Fusce aliquet magna a','Single',59,59);
INSERT INTO "questions" (textQuestion,answerType,testid,rightAnswerId) VALUES ('Proin vel arcu eu','Multy',60,60);
INSERT INTO "questions" (textQuestion,answerType,testid,rightAnswerId) VALUES ('libero. Proin sed turpis','Single',61,61);
INSERT INTO "questions" (textQuestion,answerType,testid,rightAnswerId) VALUES ('tellus justo sit amet','Multy',62,62);
INSERT INTO "questions" (textQuestion,answerType,testid,rightAnswerId) VALUES ('fringilla purus mauris a','Multy',63,63);
INSERT INTO "questions" (textQuestion,answerType,testid,rightAnswerId) VALUES ('ullamcorper viverra. Maecenas iaculis','Multy',64,64);
INSERT INTO "questions" (textQuestion,answerType,testid,rightAnswerId) VALUES ('ac arcu. Nunc mauris.','Multy',65,65);
INSERT INTO "questions" (textQuestion,answerType,testid,rightAnswerId) VALUES ('nec ante blandit viverra.','Multy',66,66);
INSERT INTO "questions" (textQuestion,answerType,testid,rightAnswerId) VALUES ('ligula. Aenean euismod mauris','Single',67,67);
INSERT INTO "questions" (textQuestion,answerType,testid,rightAnswerId) VALUES ('In faucibus. Morbi vehicula.','Multy',68,68);
INSERT INTO "questions" (textQuestion,answerType,testid,rightAnswerId) VALUES ('ac, fermentum vel, mauris.','Multy',69,69);
INSERT INTO "questions" (textQuestion,answerType,testid,rightAnswerId) VALUES ('aliquet, sem ut cursus','Single',70,70);
INSERT INTO "questions" (textQuestion,answerType,testid,rightAnswerId) VALUES ('ante bibendum ullamcorper. Duis','Multy',71,71);
INSERT INTO "questions" (textQuestion,answerType,testid,rightAnswerId) VALUES ('scelerisque dui. Suspendisse ac','Single',72,72);
INSERT INTO "questions" (textQuestion,answerType,testid,rightAnswerId) VALUES ('cursus. Integer mollis. Integer','Single',73,73);
INSERT INTO "questions" (textQuestion,answerType,testid,rightAnswerId) VALUES ('in, cursus et, eros.','Multy',74,74);
INSERT INTO "questions" (textQuestion,answerType,testid,rightAnswerId) VALUES ('Vivamus nibh dolor, nonummy','Single',75,75);
INSERT INTO "questions" (textQuestion,answerType,testid,rightAnswerId) VALUES ('eu lacus. Quisque imperdiet,','Single',76,76);
INSERT INTO "questions" (textQuestion,answerType,testid,rightAnswerId) VALUES ('sit amet, faucibus ut,','Single',77,77);
INSERT INTO "questions" (textQuestion,answerType,testid,rightAnswerId) VALUES ('eu turpis. Nulla aliquet.','Multy',78,78);
INSERT INTO "questions" (textQuestion,answerType,testid,rightAnswerId) VALUES ('egestas, urna justo faucibus','Single',79,79);
INSERT INTO "questions" (textQuestion,answerType,testid,rightAnswerId) VALUES ('Aenean sed pede nec','Multy',80,80);
INSERT INTO "questions" (textQuestion,answerType,testid,rightAnswerId) VALUES ('Nunc mauris elit, dictum','Single',81,81);
INSERT INTO "questions" (textQuestion,answerType,testid,rightAnswerId) VALUES ('eu eros. Nam consequat','Single',82,82);
INSERT INTO "questions" (textQuestion,answerType,testid,rightAnswerId) VALUES ('arcu vel quam dignissim','Single',83,83);
INSERT INTO "questions" (textQuestion,answerType,testid,rightAnswerId) VALUES ('nec mauris blandit mattis.','Multy',84,84);
INSERT INTO "questions" (textQuestion,answerType,testid,rightAnswerId) VALUES ('ipsum. Suspendisse sagittis. Nullam','Single',85,85);
INSERT INTO "questions" (textQuestion,answerType,testid,rightAnswerId) VALUES ('tortor, dictum eu, placerat','Single',86,86);
INSERT INTO "questions" (textQuestion,answerType,testid,rightAnswerId) VALUES ('tempus non, lacinia at,','Single',87,87);
INSERT INTO "questions" (textQuestion,answerType,testid,rightAnswerId) VALUES ('ac facilisis facilisis, magna','Single',88,88);
INSERT INTO "questions" (textQuestion,answerType,testid,rightAnswerId) VALUES ('Donec tempus, lorem fringilla','Single',89,89);
INSERT INTO "questions" (textQuestion,answerType,testid,rightAnswerId) VALUES ('massa. Mauris vestibulum, neque','Multy',90,90);
INSERT INTO "questions" (textQuestion,answerType,testid,rightAnswerId) VALUES ('nec metus facilisis lorem','Single',91,91);
INSERT INTO "questions" (textQuestion,answerType,testid,rightAnswerId) VALUES ('Nam ligula elit, pretium','Single',92,92);
INSERT INTO "questions" (textQuestion,answerType,testid,rightAnswerId) VALUES ('ut, sem. Nulla interdum.','Multy',93,93);
INSERT INTO "questions" (textQuestion,answerType,testid,rightAnswerId) VALUES ('Donec sollicitudin adipiscing ligula.','Single',94,94);
INSERT INTO "questions" (textQuestion,answerType,testid,rightAnswerId) VALUES ('faucibus orci luctus et','Multy',95,95);
INSERT INTO "questions" (textQuestion,answerType,testid,rightAnswerId) VALUES ('nisl. Nulla eu neque','Single',96,96);
INSERT INTO "questions" (textQuestion,answerType,testid,rightAnswerId) VALUES ('eu eros. Nam consequat','Multy',97,97);
INSERT INTO "questions" (textQuestion,answerType,testid,rightAnswerId) VALUES ('ipsum. Phasellus vitae mauris','Multy',98,98);
INSERT INTO "questions" (textQuestion,answerType,testid,rightAnswerId) VALUES ('Aliquam erat volutpat. Nulla','Multy',99,99);
INSERT INTO "questions" (textQuestion,answerType,testid,rightAnswerId) VALUES ('luctus. Curabitur egestas nunc','Single',100,100);

INSERT INTO "user_has_course" (courseid,id) VALUES (1,1);
INSERT INTO "user_has_course" (courseid,id) VALUES (2,2);
INSERT INTO "user_has_course" (courseid,id) VALUES (3,3);
INSERT INTO "user_has_course" (courseid,id) VALUES (4,4);
INSERT INTO "user_has_course" (courseid,id) VALUES (5,5);
INSERT INTO "user_has_course" (courseid,id) VALUES (6,6);
INSERT INTO "user_has_course" (courseid,id) VALUES (7,7);
INSERT INTO "user_has_course" (courseid,id) VALUES (8,8);
INSERT INTO "user_has_course" (courseid,id) VALUES (9,9);
INSERT INTO "user_has_course" (courseid,id) VALUES (10,10);
INSERT INTO "user_has_course" (courseid,id) VALUES (11,11);
INSERT INTO "user_has_course" (courseid,id) VALUES (12,12);
INSERT INTO "user_has_course" (courseid,id) VALUES (13,13);
INSERT INTO "user_has_course" (courseid,id) VALUES (14,14);
INSERT INTO "user_has_course" (courseid,id) VALUES (15,15);
INSERT INTO "user_has_course" (courseid,id) VALUES (16,16);
INSERT INTO "user_has_course" (courseid,id) VALUES (17,17);
INSERT INTO "user_has_course" (courseid,id) VALUES (18,18);
INSERT INTO "user_has_course" (courseid,id) VALUES (19,19);
INSERT INTO "user_has_course" (courseid,id) VALUES (20,20);
INSERT INTO "user_has_course" (courseid,id) VALUES (21,21);
INSERT INTO "user_has_course" (courseid,id) VALUES (22,22);
INSERT INTO "user_has_course" (courseid,id) VALUES (23,23);
INSERT INTO "user_has_course" (courseid,id) VALUES (24,24);
INSERT INTO "user_has_course" (courseid,id) VALUES (25,25);
INSERT INTO "user_has_course" (courseid,id) VALUES (26,26);
INSERT INTO "user_has_course" (courseid,id) VALUES (27,27);
INSERT INTO "user_has_course" (courseid,id) VALUES (28,28);
INSERT INTO "user_has_course" (courseid,id) VALUES (29,29);
INSERT INTO "user_has_course" (courseid,id) VALUES (30,30);
INSERT INTO "user_has_course" (courseid,id) VALUES (31,31);
INSERT INTO "user_has_course" (courseid,id) VALUES (32,32);
INSERT INTO "user_has_course" (courseid,id) VALUES (33,33);
INSERT INTO "user_has_course" (courseid,id) VALUES (34,34);
INSERT INTO "user_has_course" (courseid,id) VALUES (35,35);
INSERT INTO "user_has_course" (courseid,id) VALUES (36,36);
INSERT INTO "user_has_course" (courseid,id) VALUES (37,37);
INSERT INTO "user_has_course" (courseid,id) VALUES (38,38);
INSERT INTO "user_has_course" (courseid,id) VALUES (39,39);
INSERT INTO "user_has_course" (courseid,id) VALUES (40,40);
INSERT INTO "user_has_course" (courseid,id) VALUES (41,41);
INSERT INTO "user_has_course" (courseid,id) VALUES (42,42);
INSERT INTO "user_has_course" (courseid,id) VALUES (43,43);
INSERT INTO "user_has_course" (courseid,id) VALUES (44,44);
INSERT INTO "user_has_course" (courseid,id) VALUES (45,45);
INSERT INTO "user_has_course" (courseid,id) VALUES (46,46);
INSERT INTO "user_has_course" (courseid,id) VALUES (47,47);
INSERT INTO "user_has_course" (courseid,id) VALUES (48,48);
INSERT INTO "user_has_course" (courseid,id) VALUES (49,49);
INSERT INTO "user_has_course" (courseid,id) VALUES (50,50);
INSERT INTO "user_has_course" (courseid,id) VALUES (51,51);
INSERT INTO "user_has_course" (courseid,id) VALUES (52,52);
INSERT INTO "user_has_course" (courseid,id) VALUES (53,53);
INSERT INTO "user_has_course" (courseid,id) VALUES (54,54);
INSERT INTO "user_has_course" (courseid,id) VALUES (55,55);
INSERT INTO "user_has_course" (courseid,id) VALUES (56,56);
INSERT INTO "user_has_course" (courseid,id) VALUES (57,57);
INSERT INTO "user_has_course" (courseid,id) VALUES (58,58);
INSERT INTO "user_has_course" (courseid,id) VALUES (59,59);
INSERT INTO "user_has_course" (courseid,id) VALUES (60,60);
INSERT INTO "user_has_course" (courseid,id) VALUES (61,61);
INSERT INTO "user_has_course" (courseid,id) VALUES (62,62);
INSERT INTO "user_has_course" (courseid,id) VALUES (63,63);
INSERT INTO "user_has_course" (courseid,id) VALUES (64,64);
INSERT INTO "user_has_course" (courseid,id) VALUES (65,65);
INSERT INTO "user_has_course" (courseid,id) VALUES (66,66);
INSERT INTO "user_has_course" (courseid,id) VALUES (67,67);
INSERT INTO "user_has_course" (courseid,id) VALUES (68,68);
INSERT INTO "user_has_course" (courseid,id) VALUES (69,69);
INSERT INTO "user_has_course" (courseid,id) VALUES (70,70);
INSERT INTO "user_has_course" (courseid,id) VALUES (71,71);
INSERT INTO "user_has_course" (courseid,id) VALUES (72,72);
INSERT INTO "user_has_course" (courseid,id) VALUES (73,73);
INSERT INTO "user_has_course" (courseid,id) VALUES (74,74);
INSERT INTO "user_has_course" (courseid,id) VALUES (75,75);
INSERT INTO "user_has_course" (courseid,id) VALUES (76,76);
INSERT INTO "user_has_course" (courseid,id) VALUES (77,77);
INSERT INTO "user_has_course" (courseid,id) VALUES (78,78);
INSERT INTO "user_has_course" (courseid,id) VALUES (79,79);
INSERT INTO "user_has_course" (courseid,id) VALUES (80,80);
INSERT INTO "user_has_course" (courseid,id) VALUES (81,81);
INSERT INTO "user_has_course" (courseid,id) VALUES (82,82);
INSERT INTO "user_has_course" (courseid,id) VALUES (83,83);
INSERT INTO "user_has_course" (courseid,id) VALUES (84,84);
INSERT INTO "user_has_course" (courseid,id) VALUES (85,85);
INSERT INTO "user_has_course" (courseid,id) VALUES (86,86);
INSERT INTO "user_has_course" (courseid,id) VALUES (87,87);
INSERT INTO "user_has_course" (courseid,id) VALUES (88,88);
INSERT INTO "user_has_course" (courseid,id) VALUES (89,89);
INSERT INTO "user_has_course" (courseid,id) VALUES (90,90);
INSERT INTO "user_has_course" (courseid,id) VALUES (91,91);
INSERT INTO "user_has_course" (courseid,id) VALUES (92,92);
INSERT INTO "user_has_course" (courseid,id) VALUES (93,93);
INSERT INTO "user_has_course" (courseid,id) VALUES (94,94);
INSERT INTO "user_has_course" (courseid,id) VALUES (95,95);
INSERT INTO "user_has_course" (courseid,id) VALUES (96,96);
INSERT INTO "user_has_course" (courseid,id) VALUES (97,97);
INSERT INTO "user_has_course" (courseid,id) VALUES (98,98);
INSERT INTO "user_has_course" (courseid,id) VALUES (99,99);
INSERT INTO "user_has_course" (courseid,id) VALUES (100,100);

INSERT INTO "user_roles_has_users" (userId,role) VALUES (1,'Teacher');
INSERT INTO "user_roles_has_users" (userId,role) VALUES (2,'Student');
INSERT INTO "user_roles_has_users" (userId,role) VALUES (3,'Student');
INSERT INTO "user_roles_has_users" (userId,role) VALUES (4,'Admin');
INSERT INTO "user_roles_has_users" (userId,role) VALUES (5,'Teacher');
INSERT INTO "user_roles_has_users" (userId,role) VALUES (6,'Admin');
INSERT INTO "user_roles_has_users" (userId,role) VALUES (7,'Teacher');
INSERT INTO "user_roles_has_users" (userId,role) VALUES (8,'Student');
INSERT INTO "user_roles_has_users" (userId,role) VALUES (9,'Teacher');
INSERT INTO "user_roles_has_users" (userId,role) VALUES (10,'Admin');
INSERT INTO "user_roles_has_users" (userId,role) VALUES (11,'Admin');
INSERT INTO "user_roles_has_users" (userId,role) VALUES (12,'Teacher');
INSERT INTO "user_roles_has_users" (userId,role) VALUES (13,'Teacher');
INSERT INTO "user_roles_has_users" (userId,role) VALUES (14,'Student');
INSERT INTO "user_roles_has_users" (userId,role) VALUES (15,'Teacher');
INSERT INTO "user_roles_has_users" (userId,role) VALUES (16,'Student');
INSERT INTO "user_roles_has_users" (userId,role) VALUES (17,'Student');
INSERT INTO "user_roles_has_users" (userId,role) VALUES (18,'Admin');
INSERT INTO "user_roles_has_users" (userId,role) VALUES (19,'Admin');
INSERT INTO "user_roles_has_users" (userId,role) VALUES (20,'Admin');
INSERT INTO "user_roles_has_users" (userId,role) VALUES (21,'Admin');
INSERT INTO "user_roles_has_users" (userId,role) VALUES (22,'Student');
INSERT INTO "user_roles_has_users" (userId,role) VALUES (23,'Teacher');
INSERT INTO "user_roles_has_users" (userId,role) VALUES (24,'Student');
INSERT INTO "user_roles_has_users" (userId,role) VALUES (25,'Admin');
INSERT INTO "user_roles_has_users" (userId,role) VALUES (26,'Teacher');
INSERT INTO "user_roles_has_users" (userId,role) VALUES (27,'Admin');
INSERT INTO "user_roles_has_users" (userId,role) VALUES (28,'Admin');
INSERT INTO "user_roles_has_users" (userId,role) VALUES (29,'Teacher');
INSERT INTO "user_roles_has_users" (userId,role) VALUES (30,'Admin');
INSERT INTO "user_roles_has_users" (userId,role) VALUES (31,'Student');
INSERT INTO "user_roles_has_users" (userId,role) VALUES (32,'Teacher');
INSERT INTO "user_roles_has_users" (userId,role) VALUES (33,'Student');
INSERT INTO "user_roles_has_users" (userId,role) VALUES (34,'Teacher');
INSERT INTO "user_roles_has_users" (userId,role) VALUES (35,'Teacher');
INSERT INTO "user_roles_has_users" (userId,role) VALUES (36,'Admin');
INSERT INTO "user_roles_has_users" (userId,role) VALUES (37,'Admin');
INSERT INTO "user_roles_has_users" (userId,role) VALUES (38,'Teacher');
INSERT INTO "user_roles_has_users" (userId,role) VALUES (39,'Teacher');
INSERT INTO "user_roles_has_users" (userId,role) VALUES (40,'Teacher');
INSERT INTO "user_roles_has_users" (userId,role) VALUES (41,'Teacher');
INSERT INTO "user_roles_has_users" (userId,role) VALUES (42,'Admin');
INSERT INTO "user_roles_has_users" (userId,role) VALUES (43,'Student');
INSERT INTO "user_roles_has_users" (userId,role) VALUES (44,'Teacher');
INSERT INTO "user_roles_has_users" (userId,role) VALUES (45,'Student');
INSERT INTO "user_roles_has_users" (userId,role) VALUES (46,'Teacher');
INSERT INTO "user_roles_has_users" (userId,role) VALUES (47,'Student');
INSERT INTO "user_roles_has_users" (userId,role) VALUES (48,'Admin');
INSERT INTO "user_roles_has_users" (userId,role) VALUES (49,'Admin');
INSERT INTO "user_roles_has_users" (userId,role) VALUES (50,'Admin');
INSERT INTO "user_roles_has_users" (userId,role) VALUES (51,'Admin');
INSERT INTO "user_roles_has_users" (userId,role) VALUES (52,'Teacher');
INSERT INTO "user_roles_has_users" (userId,role) VALUES (53,'Teacher');
INSERT INTO "user_roles_has_users" (userId,role) VALUES (54,'Student');
INSERT INTO "user_roles_has_users" (userId,role) VALUES (55,'Student');
INSERT INTO "user_roles_has_users" (userId,role) VALUES (56,'Teacher');
INSERT INTO "user_roles_has_users" (userId,role) VALUES (57,'Teacher');
INSERT INTO "user_roles_has_users" (userId,role) VALUES (58,'Admin');
INSERT INTO "user_roles_has_users" (userId,role) VALUES (59,'Admin');
INSERT INTO "user_roles_has_users" (userId,role) VALUES (60,'Teacher');
INSERT INTO "user_roles_has_users" (userId,role) VALUES (61,'Teacher');
INSERT INTO "user_roles_has_users" (userId,role) VALUES (62,'Student');
INSERT INTO "user_roles_has_users" (userId,role) VALUES (63,'Teacher');
INSERT INTO "user_roles_has_users" (userId,role) VALUES (64,'Student');
INSERT INTO "user_roles_has_users" (userId,role) VALUES (65,'Student');
INSERT INTO "user_roles_has_users" (userId,role) VALUES (66,'Admin');
INSERT INTO "user_roles_has_users" (userId,role) VALUES (67,'Student');
INSERT INTO "user_roles_has_users" (userId,role) VALUES (68,'Student');
INSERT INTO "user_roles_has_users" (userId,role) VALUES (69,'Admin');
INSERT INTO "user_roles_has_users" (userId,role) VALUES (70,'Admin');
INSERT INTO "user_roles_has_users" (userId,role) VALUES (71,'Admin');
INSERT INTO "user_roles_has_users" (userId,role) VALUES (72,'Teacher');
INSERT INTO "user_roles_has_users" (userId,role) VALUES (73,'Student');
INSERT INTO "user_roles_has_users" (userId,role) VALUES (74,'Student');
INSERT INTO "user_roles_has_users" (userId,role) VALUES (75,'Teacher');
INSERT INTO "user_roles_has_users" (userId,role) VALUES (76,'Teacher');
INSERT INTO "user_roles_has_users" (userId,role) VALUES (77,'Admin');
INSERT INTO "user_roles_has_users" (userId,role) VALUES (78,'Student');
INSERT INTO "user_roles_has_users" (userId,role) VALUES (79,'Student');
INSERT INTO "user_roles_has_users" (userId,role) VALUES (80,'Admin');
INSERT INTO "user_roles_has_users" (userId,role) VALUES (81,'Student');
INSERT INTO "user_roles_has_users" (userId,role) VALUES (82,'Teacher');
INSERT INTO "user_roles_has_users" (userId,role) VALUES (83,'Student');
INSERT INTO "user_roles_has_users" (userId,role) VALUES (84,'Teacher');
INSERT INTO "user_roles_has_users" (userId,role) VALUES (85,'Admin');
INSERT INTO "user_roles_has_users" (userId,role) VALUES (86,'Student');
INSERT INTO "user_roles_has_users" (userId,role) VALUES (87,'Admin');
INSERT INTO "user_roles_has_users" (userId,role) VALUES (88,'Student');
INSERT INTO "user_roles_has_users" (userId,role) VALUES (89,'Admin');
INSERT INTO "user_roles_has_users" (userId,role) VALUES (90,'Student');
INSERT INTO "user_roles_has_users" (userId,role) VALUES (91,'Admin');
INSERT INTO "user_roles_has_users" (userId,role) VALUES (92,'Teacher');
INSERT INTO "user_roles_has_users" (userId,role) VALUES (93,'Student');
INSERT INTO "user_roles_has_users" (userId,role) VALUES (94,'Teacher');
INSERT INTO "user_roles_has_users" (userId,role) VALUES (95,'Teacher');
INSERT INTO "user_roles_has_users" (userId,role) VALUES (96,'Teacher');
INSERT INTO "user_roles_has_users" (userId,role) VALUES (97,'Teacher');
INSERT INTO "user_roles_has_users" (userId,role) VALUES (98,'Admin');
INSERT INTO "user_roles_has_users" (userId,role) VALUES (99,'Student');
INSERT INTO "user_roles_has_users" (userId,role) VALUES (100,'Teacher');

INSERT INTO "courses_has_teachers" (coursesId,userId) VALUES (1,1);
INSERT INTO "courses_has_teachers" (coursesId,userId) VALUES (2,2);
INSERT INTO "courses_has_teachers" (coursesId,userId) VALUES (3,3);
INSERT INTO "courses_has_teachers" (coursesId,userId) VALUES (4,4);
INSERT INTO "courses_has_teachers" (coursesId,userId) VALUES (5,5);
INSERT INTO "courses_has_teachers" (coursesId,userId) VALUES (6,6);
INSERT INTO "courses_has_teachers" (coursesId,userId) VALUES (7,7);
INSERT INTO "courses_has_teachers" (coursesId,userId) VALUES (8,8);
INSERT INTO "courses_has_teachers" (coursesId,userId) VALUES (9,9);
INSERT INTO "courses_has_teachers" (coursesId,userId) VALUES (10,10);
INSERT INTO "courses_has_teachers" (coursesId,userId) VALUES (11,11);
INSERT INTO "courses_has_teachers" (coursesId,userId) VALUES (12,12);
INSERT INTO "courses_has_teachers" (coursesId,userId) VALUES (13,13);
INSERT INTO "courses_has_teachers" (coursesId,userId) VALUES (14,14);
INSERT INTO "courses_has_teachers" (coursesId,userId) VALUES (15,15);
INSERT INTO "courses_has_teachers" (coursesId,userId) VALUES (16,16);
INSERT INTO "courses_has_teachers" (coursesId,userId) VALUES (17,17);
INSERT INTO "courses_has_teachers" (coursesId,userId) VALUES (18,18);
INSERT INTO "courses_has_teachers" (coursesId,userId) VALUES (19,19);
INSERT INTO "courses_has_teachers" (coursesId,userId) VALUES (20,20);
INSERT INTO "courses_has_teachers" (coursesId,userId) VALUES (21,21);
INSERT INTO "courses_has_teachers" (coursesId,userId) VALUES (22,22);
INSERT INTO "courses_has_teachers" (coursesId,userId) VALUES (23,23);
INSERT INTO "courses_has_teachers" (coursesId,userId) VALUES (24,24);
INSERT INTO "courses_has_teachers" (coursesId,userId) VALUES (25,25);
INSERT INTO "courses_has_teachers" (coursesId,userId) VALUES (26,26);
INSERT INTO "courses_has_teachers" (coursesId,userId) VALUES (27,27);
INSERT INTO "courses_has_teachers" (coursesId,userId) VALUES (28,28);
INSERT INTO "courses_has_teachers" (coursesId,userId) VALUES (29,29);
INSERT INTO "courses_has_teachers" (coursesId,userId) VALUES (30,30);
INSERT INTO "courses_has_teachers" (coursesId,userId) VALUES (31,31);
INSERT INTO "courses_has_teachers" (coursesId,userId) VALUES (32,32);
INSERT INTO "courses_has_teachers" (coursesId,userId) VALUES (33,33);
INSERT INTO "courses_has_teachers" (coursesId,userId) VALUES (34,34);
INSERT INTO "courses_has_teachers" (coursesId,userId) VALUES (35,35);
INSERT INTO "courses_has_teachers" (coursesId,userId) VALUES (36,36);
INSERT INTO "courses_has_teachers" (coursesId,userId) VALUES (37,37);
INSERT INTO "courses_has_teachers" (coursesId,userId) VALUES (38,38);
INSERT INTO "courses_has_teachers" (coursesId,userId) VALUES (39,39);
INSERT INTO "courses_has_teachers" (coursesId,userId) VALUES (40,40);
INSERT INTO "courses_has_teachers" (coursesId,userId) VALUES (41,41);
INSERT INTO "courses_has_teachers" (coursesId,userId) VALUES (42,42);
INSERT INTO "courses_has_teachers" (coursesId,userId) VALUES (43,43);
INSERT INTO "courses_has_teachers" (coursesId,userId) VALUES (44,44);
INSERT INTO "courses_has_teachers" (coursesId,userId) VALUES (45,45);
INSERT INTO "courses_has_teachers" (coursesId,userId) VALUES (46,46);
INSERT INTO "courses_has_teachers" (coursesId,userId) VALUES (47,47);
INSERT INTO "courses_has_teachers" (coursesId,userId) VALUES (48,48);
INSERT INTO "courses_has_teachers" (coursesId,userId) VALUES (49,49);
INSERT INTO "courses_has_teachers" (coursesId,userId) VALUES (50,50);
INSERT INTO "courses_has_teachers" (coursesId,userId) VALUES (51,51);
INSERT INTO "courses_has_teachers" (coursesId,userId) VALUES (52,52);
INSERT INTO "courses_has_teachers" (coursesId,userId) VALUES (53,53);
INSERT INTO "courses_has_teachers" (coursesId,userId) VALUES (54,54);
INSERT INTO "courses_has_teachers" (coursesId,userId) VALUES (55,55);
INSERT INTO "courses_has_teachers" (coursesId,userId) VALUES (56,56);
INSERT INTO "courses_has_teachers" (coursesId,userId) VALUES (57,57);
INSERT INTO "courses_has_teachers" (coursesId,userId) VALUES (58,58);
INSERT INTO "courses_has_teachers" (coursesId,userId) VALUES (59,59);
INSERT INTO "courses_has_teachers" (coursesId,userId) VALUES (60,60);
INSERT INTO "courses_has_teachers" (coursesId,userId) VALUES (61,61);
INSERT INTO "courses_has_teachers" (coursesId,userId) VALUES (62,62);
INSERT INTO "courses_has_teachers" (coursesId,userId) VALUES (63,63);
INSERT INTO "courses_has_teachers" (coursesId,userId) VALUES (64,64);
INSERT INTO "courses_has_teachers" (coursesId,userId) VALUES (65,65);
INSERT INTO "courses_has_teachers" (coursesId,userId) VALUES (66,66);
INSERT INTO "courses_has_teachers" (coursesId,userId) VALUES (67,67);
INSERT INTO "courses_has_teachers" (coursesId,userId) VALUES (68,68);
INSERT INTO "courses_has_teachers" (coursesId,userId) VALUES (69,69);
INSERT INTO "courses_has_teachers" (coursesId,userId) VALUES (70,70);
INSERT INTO "courses_has_teachers" (coursesId,userId) VALUES (71,71);
INSERT INTO "courses_has_teachers" (coursesId,userId) VALUES (72,72);
INSERT INTO "courses_has_teachers" (coursesId,userId) VALUES (73,73);
INSERT INTO "courses_has_teachers" (coursesId,userId) VALUES (74,74);
INSERT INTO "courses_has_teachers" (coursesId,userId) VALUES (75,75);
INSERT INTO "courses_has_teachers" (coursesId,userId) VALUES (76,76);
INSERT INTO "courses_has_teachers" (coursesId,userId) VALUES (77,77);
INSERT INTO "courses_has_teachers" (coursesId,userId) VALUES (78,78);
INSERT INTO "courses_has_teachers" (coursesId,userId) VALUES (79,79);
INSERT INTO "courses_has_teachers" (coursesId,userId) VALUES (80,80);
INSERT INTO "courses_has_teachers" (coursesId,userId) VALUES (81,81);
INSERT INTO "courses_has_teachers" (coursesId,userId) VALUES (82,82);
INSERT INTO "courses_has_teachers" (coursesId,userId) VALUES (83,83);
INSERT INTO "courses_has_teachers" (coursesId,userId) VALUES (84,84);
INSERT INTO "courses_has_teachers" (coursesId,userId) VALUES (85,85);
INSERT INTO "courses_has_teachers" (coursesId,userId) VALUES (86,86);
INSERT INTO "courses_has_teachers" (coursesId,userId) VALUES (87,87);
INSERT INTO "courses_has_teachers" (coursesId,userId) VALUES (88,88);
INSERT INTO "courses_has_teachers" (coursesId,userId) VALUES (89,89);
INSERT INTO "courses_has_teachers" (coursesId,userId) VALUES (90,90);
INSERT INTO "courses_has_teachers" (coursesId,userId) VALUES (91,91);
INSERT INTO "courses_has_teachers" (coursesId,userId) VALUES (92,92);
INSERT INTO "courses_has_teachers" (coursesId,userId) VALUES (93,93);
INSERT INTO "courses_has_teachers" (coursesId,userId) VALUES (94,94);
INSERT INTO "courses_has_teachers" (coursesId,userId) VALUES (95,95);
INSERT INTO "courses_has_teachers" (coursesId,userId) VALUES (96,96);
INSERT INTO "courses_has_teachers" (coursesId,userId) VALUES (97,97);
INSERT INTO "courses_has_teachers" (coursesId,userId) VALUES (98,98);
INSERT INTO "courses_has_teachers" (coursesId,userId) VALUES (99,99);
INSERT INTO "courses_has_teachers" (coursesId,userId) VALUES (100,100);

INSERT INTO "materials_has_content" (materialId,contentId) VALUES (1,1);
INSERT INTO "materials_has_content" (materialId,contentId) VALUES (2,2);
INSERT INTO "materials_has_content" (materialId,contentId) VALUES (3,3);
INSERT INTO "materials_has_content" (materialId,contentId) VALUES (4,4);
INSERT INTO "materials_has_content" (materialId,contentId) VALUES (5,5);
INSERT INTO "materials_has_content" (materialId,contentId) VALUES (6,6);
INSERT INTO "materials_has_content" (materialId,contentId) VALUES (7,7);
INSERT INTO "materials_has_content" (materialId,contentId) VALUES (8,8);
INSERT INTO "materials_has_content" (materialId,contentId) VALUES (9,9);
INSERT INTO "materials_has_content" (materialId,contentId) VALUES (10,10);
INSERT INTO "materials_has_content" (materialId,contentId) VALUES (11,11);
INSERT INTO "materials_has_content" (materialId,contentId) VALUES (12,12);
INSERT INTO "materials_has_content" (materialId,contentId) VALUES (13,13);
INSERT INTO "materials_has_content" (materialId,contentId) VALUES (14,14);
INSERT INTO "materials_has_content" (materialId,contentId) VALUES (15,15);
INSERT INTO "materials_has_content" (materialId,contentId) VALUES (16,16);
INSERT INTO "materials_has_content" (materialId,contentId) VALUES (17,17);
INSERT INTO "materials_has_content" (materialId,contentId) VALUES (18,18);
INSERT INTO "materials_has_content" (materialId,contentId) VALUES (19,19);
INSERT INTO "materials_has_content" (materialId,contentId) VALUES (20,20);
INSERT INTO "materials_has_content" (materialId,contentId) VALUES (21,21);
INSERT INTO "materials_has_content" (materialId,contentId) VALUES (22,22);
INSERT INTO "materials_has_content" (materialId,contentId) VALUES (23,23);
INSERT INTO "materials_has_content" (materialId,contentId) VALUES (24,24);
INSERT INTO "materials_has_content" (materialId,contentId) VALUES (25,25);
INSERT INTO "materials_has_content" (materialId,contentId) VALUES (26,26);
INSERT INTO "materials_has_content" (materialId,contentId) VALUES (27,27);
INSERT INTO "materials_has_content" (materialId,contentId) VALUES (28,28);
INSERT INTO "materials_has_content" (materialId,contentId) VALUES (29,29);
INSERT INTO "materials_has_content" (materialId,contentId) VALUES (30,30);
INSERT INTO "materials_has_content" (materialId,contentId) VALUES (31,31);
INSERT INTO "materials_has_content" (materialId,contentId) VALUES (32,32);
INSERT INTO "materials_has_content" (materialId,contentId) VALUES (33,33);
INSERT INTO "materials_has_content" (materialId,contentId) VALUES (34,34);
INSERT INTO "materials_has_content" (materialId,contentId) VALUES (35,35);
INSERT INTO "materials_has_content" (materialId,contentId) VALUES (36,36);
INSERT INTO "materials_has_content" (materialId,contentId) VALUES (37,37);
INSERT INTO "materials_has_content" (materialId,contentId) VALUES (38,38);
INSERT INTO "materials_has_content" (materialId,contentId) VALUES (39,39);
INSERT INTO "materials_has_content" (materialId,contentId) VALUES (40,40);
INSERT INTO "materials_has_content" (materialId,contentId) VALUES (41,41);
INSERT INTO "materials_has_content" (materialId,contentId) VALUES (42,42);
INSERT INTO "materials_has_content" (materialId,contentId) VALUES (43,43);
INSERT INTO "materials_has_content" (materialId,contentId) VALUES (44,44);
INSERT INTO "materials_has_content" (materialId,contentId) VALUES (45,45);
INSERT INTO "materials_has_content" (materialId,contentId) VALUES (46,46);
INSERT INTO "materials_has_content" (materialId,contentId) VALUES (47,47);
INSERT INTO "materials_has_content" (materialId,contentId) VALUES (48,48);
INSERT INTO "materials_has_content" (materialId,contentId) VALUES (49,49);
INSERT INTO "materials_has_content" (materialId,contentId) VALUES (50,50);
INSERT INTO "materials_has_content" (materialId,contentId) VALUES (51,51);
INSERT INTO "materials_has_content" (materialId,contentId) VALUES (52,52);
INSERT INTO "materials_has_content" (materialId,contentId) VALUES (53,53);
INSERT INTO "materials_has_content" (materialId,contentId) VALUES (54,54);
INSERT INTO "materials_has_content" (materialId,contentId) VALUES (55,55);
INSERT INTO "materials_has_content" (materialId,contentId) VALUES (56,56);
INSERT INTO "materials_has_content" (materialId,contentId) VALUES (57,57);
INSERT INTO "materials_has_content" (materialId,contentId) VALUES (58,58);
INSERT INTO "materials_has_content" (materialId,contentId) VALUES (59,59);
INSERT INTO "materials_has_content" (materialId,contentId) VALUES (60,60);
INSERT INTO "materials_has_content" (materialId,contentId) VALUES (61,61);
INSERT INTO "materials_has_content" (materialId,contentId) VALUES (62,62);
INSERT INTO "materials_has_content" (materialId,contentId) VALUES (63,63);
INSERT INTO "materials_has_content" (materialId,contentId) VALUES (64,64);
INSERT INTO "materials_has_content" (materialId,contentId) VALUES (65,65);
INSERT INTO "materials_has_content" (materialId,contentId) VALUES (66,66);
INSERT INTO "materials_has_content" (materialId,contentId) VALUES (67,67);
INSERT INTO "materials_has_content" (materialId,contentId) VALUES (68,68);
INSERT INTO "materials_has_content" (materialId,contentId) VALUES (69,69);
INSERT INTO "materials_has_content" (materialId,contentId) VALUES (70,70);
INSERT INTO "materials_has_content" (materialId,contentId) VALUES (71,71);
INSERT INTO "materials_has_content" (materialId,contentId) VALUES (72,72);
INSERT INTO "materials_has_content" (materialId,contentId) VALUES (73,73);
INSERT INTO "materials_has_content" (materialId,contentId) VALUES (74,74);
INSERT INTO "materials_has_content" (materialId,contentId) VALUES (75,75);
INSERT INTO "materials_has_content" (materialId,contentId) VALUES (76,76);
INSERT INTO "materials_has_content" (materialId,contentId) VALUES (77,77);
INSERT INTO "materials_has_content" (materialId,contentId) VALUES (78,78);
INSERT INTO "materials_has_content" (materialId,contentId) VALUES (79,79);
INSERT INTO "materials_has_content" (materialId,contentId) VALUES (80,80);
INSERT INTO "materials_has_content" (materialId,contentId) VALUES (81,81);
INSERT INTO "materials_has_content" (materialId,contentId) VALUES (82,82);
INSERT INTO "materials_has_content" (materialId,contentId) VALUES (83,83);
INSERT INTO "materials_has_content" (materialId,contentId) VALUES (84,84);
INSERT INTO "materials_has_content" (materialId,contentId) VALUES (85,85);
INSERT INTO "materials_has_content" (materialId,contentId) VALUES (86,86);
INSERT INTO "materials_has_content" (materialId,contentId) VALUES (87,87);
INSERT INTO "materials_has_content" (materialId,contentId) VALUES (88,88);
INSERT INTO "materials_has_content" (materialId,contentId) VALUES (89,89);
INSERT INTO "materials_has_content" (materialId,contentId) VALUES (90,90);
INSERT INTO "materials_has_content" (materialId,contentId) VALUES (91,91);
INSERT INTO "materials_has_content" (materialId,contentId) VALUES (92,92);
INSERT INTO "materials_has_content" (materialId,contentId) VALUES (93,93);
INSERT INTO "materials_has_content" (materialId,contentId) VALUES (94,94);
INSERT INTO "materials_has_content" (materialId,contentId) VALUES (95,95);
INSERT INTO "materials_has_content" (materialId,contentId) VALUES (96,96);
INSERT INTO "materials_has_content" (materialId,contentId) VALUES (97,97);
INSERT INTO "materials_has_content" (materialId,contentId) VALUES (98,98);
INSERT INTO "materials_has_content" (materialId,contentId) VALUES (99,99);
INSERT INTO "materials_has_content" (materialId,contentId) VALUES (100,100);

INSERT INTO "course_period" (coursesId) VALUES (1);
INSERT INTO "course_period" (coursesId) VALUES (2);
INSERT INTO "course_period" (coursesId) VALUES (3);
INSERT INTO "course_period" (coursesId) VALUES (4);
INSERT INTO "course_period" (coursesId) VALUES (5);
INSERT INTO "course_period" (coursesId) VALUES (6);
INSERT INTO "course_period" (coursesId) VALUES (7);
INSERT INTO "course_period" (coursesId) VALUES (8);
INSERT INTO "course_period" (coursesId) VALUES (9);
INSERT INTO "course_period" (coursesId) VALUES (10);
INSERT INTO "course_period" (coursesId) VALUES (11);
INSERT INTO "course_period" (coursesId) VALUES (12);
INSERT INTO "course_period" (coursesId) VALUES (13);
INSERT INTO "course_period" (coursesId) VALUES (14);
INSERT INTO "course_period" (coursesId) VALUES (15);
INSERT INTO "course_period" (coursesId) VALUES (16);
INSERT INTO "course_period" (coursesId) VALUES (17);
INSERT INTO "course_period" (coursesId) VALUES (18);
INSERT INTO "course_period" (coursesId) VALUES (19);
INSERT INTO "course_period" (coursesId) VALUES (20);
INSERT INTO "course_period" (coursesId) VALUES (21);
INSERT INTO "course_period" (coursesId) VALUES (22);
INSERT INTO "course_period" (coursesId) VALUES (23);
INSERT INTO "course_period" (coursesId) VALUES (24);
INSERT INTO "course_period" (coursesId) VALUES (25);
INSERT INTO "course_period" (coursesId) VALUES (26);
INSERT INTO "course_period" (coursesId) VALUES (27);
INSERT INTO "course_period" (coursesId) VALUES (28);
INSERT INTO "course_period" (coursesId) VALUES (29);
INSERT INTO "course_period" (coursesId) VALUES (30);
INSERT INTO "course_period" (coursesId) VALUES (31);
INSERT INTO "course_period" (coursesId) VALUES (32);
INSERT INTO "course_period" (coursesId) VALUES (33);
INSERT INTO "course_period" (coursesId) VALUES (34);
INSERT INTO "course_period" (coursesId) VALUES (35);
INSERT INTO "course_period" (coursesId) VALUES (36);
INSERT INTO "course_period" (coursesId) VALUES (37);
INSERT INTO "course_period" (coursesId) VALUES (38);
INSERT INTO "course_period" (coursesId) VALUES (39);
INSERT INTO "course_period" (coursesId) VALUES (40);
INSERT INTO "course_period" (coursesId) VALUES (41);
INSERT INTO "course_period" (coursesId) VALUES (42);
INSERT INTO "course_period" (coursesId) VALUES (43);
INSERT INTO "course_period" (coursesId) VALUES (44);
INSERT INTO "course_period" (coursesId) VALUES (45);
INSERT INTO "course_period" (coursesId) VALUES (46);
INSERT INTO "course_period" (coursesId) VALUES (47);
INSERT INTO "course_period" (coursesId) VALUES (48);
INSERT INTO "course_period" (coursesId) VALUES (49);
INSERT INTO "course_period" (coursesId) VALUES (50);
INSERT INTO "course_period" (coursesId) VALUES (51);
INSERT INTO "course_period" (coursesId) VALUES (52);
INSERT INTO "course_period" (coursesId) VALUES (53);
INSERT INTO "course_period" (coursesId) VALUES (54);
INSERT INTO "course_period" (coursesId) VALUES (55);
INSERT INTO "course_period" (coursesId) VALUES (56);
INSERT INTO "course_period" (coursesId) VALUES (57);
INSERT INTO "course_period" (coursesId) VALUES (58);
INSERT INTO "course_period" (coursesId) VALUES (59);
INSERT INTO "course_period" (coursesId) VALUES (60);
INSERT INTO "course_period" (coursesId) VALUES (61);
INSERT INTO "course_period" (coursesId) VALUES (62);
INSERT INTO "course_period" (coursesId) VALUES (63);
INSERT INTO "course_period" (coursesId) VALUES (64);
INSERT INTO "course_period" (coursesId) VALUES (65);
INSERT INTO "course_period" (coursesId) VALUES (66);
INSERT INTO "course_period" (coursesId) VALUES (67);
INSERT INTO "course_period" (coursesId) VALUES (68);
INSERT INTO "course_period" (coursesId) VALUES (69);
INSERT INTO "course_period" (coursesId) VALUES (70);
INSERT INTO "course_period" (coursesId) VALUES (71);
INSERT INTO "course_period" (coursesId) VALUES (72);
INSERT INTO "course_period" (coursesId) VALUES (73);
INSERT INTO "course_period" (coursesId) VALUES (74);
INSERT INTO "course_period" (coursesId) VALUES (75);
INSERT INTO "course_period" (coursesId) VALUES (76);
INSERT INTO "course_period" (coursesId) VALUES (77);
INSERT INTO "course_period" (coursesId) VALUES (78);
INSERT INTO "course_period" (coursesId) VALUES (79);
INSERT INTO "course_period" (coursesId) VALUES (80);
INSERT INTO "course_period" (coursesId) VALUES (81);
INSERT INTO "course_period" (coursesId) VALUES (82);
INSERT INTO "course_period" (coursesId) VALUES (83);
INSERT INTO "course_period" (coursesId) VALUES (84);
INSERT INTO "course_period" (coursesId) VALUES (85);
INSERT INTO "course_period" (coursesId) VALUES (86);
INSERT INTO "course_period" (coursesId) VALUES (87);
INSERT INTO "course_period" (coursesId) VALUES (88);
INSERT INTO "course_period" (coursesId) VALUES (89);
INSERT INTO "course_period" (coursesId) VALUES (90);
INSERT INTO "course_period" (coursesId) VALUES (91);
INSERT INTO "course_period" (coursesId) VALUES (92);
INSERT INTO "course_period" (coursesId) VALUES (93);
INSERT INTO "course_period" (coursesId) VALUES (94);
INSERT INTO "course_period" (coursesId) VALUES (95);
INSERT INTO "course_period" (coursesId) VALUES (96);
INSERT INTO "course_period" (coursesId) VALUES (97);
INSERT INTO "course_period" (coursesId) VALUES (98);
INSERT INTO "course_period" (coursesId) VALUES (99);
INSERT INTO "course_period" (coursesId) VALUES (100);

INSERT INTO "lesson_has_tests" (lessonId,testsId) VALUES (1,1);
INSERT INTO "lesson_has_tests" (lessonId,testsId) VALUES (2,2);
INSERT INTO "lesson_has_tests" (lessonId,testsId) VALUES (3,3);
INSERT INTO "lesson_has_tests" (lessonId,testsId) VALUES (4,4);
INSERT INTO "lesson_has_tests" (lessonId,testsId) VALUES (5,5);
INSERT INTO "lesson_has_tests" (lessonId,testsId) VALUES (6,6);
INSERT INTO "lesson_has_tests" (lessonId,testsId) VALUES (7,7);
INSERT INTO "lesson_has_tests" (lessonId,testsId) VALUES (8,8);
INSERT INTO "lesson_has_tests" (lessonId,testsId) VALUES (9,9);
INSERT INTO "lesson_has_tests" (lessonId,testsId) VALUES (10,10);
INSERT INTO "lesson_has_tests" (lessonId,testsId) VALUES (11,11);
INSERT INTO "lesson_has_tests" (lessonId,testsId) VALUES (12,12);
INSERT INTO "lesson_has_tests" (lessonId,testsId) VALUES (13,13);
INSERT INTO "lesson_has_tests" (lessonId,testsId) VALUES (14,14);
INSERT INTO "lesson_has_tests" (lessonId,testsId) VALUES (15,15);
INSERT INTO "lesson_has_tests" (lessonId,testsId) VALUES (16,16);
INSERT INTO "lesson_has_tests" (lessonId,testsId) VALUES (17,17);
INSERT INTO "lesson_has_tests" (lessonId,testsId) VALUES (18,18);
INSERT INTO "lesson_has_tests" (lessonId,testsId) VALUES (19,19);
INSERT INTO "lesson_has_tests" (lessonId,testsId) VALUES (20,20);
INSERT INTO "lesson_has_tests" (lessonId,testsId) VALUES (21,21);
INSERT INTO "lesson_has_tests" (lessonId,testsId) VALUES (22,22);
INSERT INTO "lesson_has_tests" (lessonId,testsId) VALUES (23,23);
INSERT INTO "lesson_has_tests" (lessonId,testsId) VALUES (24,24);
INSERT INTO "lesson_has_tests" (lessonId,testsId) VALUES (25,25);
INSERT INTO "lesson_has_tests" (lessonId,testsId) VALUES (26,26);
INSERT INTO "lesson_has_tests" (lessonId,testsId) VALUES (27,27);
INSERT INTO "lesson_has_tests" (lessonId,testsId) VALUES (28,28);
INSERT INTO "lesson_has_tests" (lessonId,testsId) VALUES (29,29);
INSERT INTO "lesson_has_tests" (lessonId,testsId) VALUES (30,30);
INSERT INTO "lesson_has_tests" (lessonId,testsId) VALUES (31,31);
INSERT INTO "lesson_has_tests" (lessonId,testsId) VALUES (32,32);
INSERT INTO "lesson_has_tests" (lessonId,testsId) VALUES (33,33);
INSERT INTO "lesson_has_tests" (lessonId,testsId) VALUES (34,34);
INSERT INTO "lesson_has_tests" (lessonId,testsId) VALUES (35,35);
INSERT INTO "lesson_has_tests" (lessonId,testsId) VALUES (36,36);
INSERT INTO "lesson_has_tests" (lessonId,testsId) VALUES (37,37);
INSERT INTO "lesson_has_tests" (lessonId,testsId) VALUES (38,38);
INSERT INTO "lesson_has_tests" (lessonId,testsId) VALUES (39,39);
INSERT INTO "lesson_has_tests" (lessonId,testsId) VALUES (40,40);
INSERT INTO "lesson_has_tests" (lessonId,testsId) VALUES (41,41);
INSERT INTO "lesson_has_tests" (lessonId,testsId) VALUES (42,42);
INSERT INTO "lesson_has_tests" (lessonId,testsId) VALUES (43,43);
INSERT INTO "lesson_has_tests" (lessonId,testsId) VALUES (44,44);
INSERT INTO "lesson_has_tests" (lessonId,testsId) VALUES (45,45);
INSERT INTO "lesson_has_tests" (lessonId,testsId) VALUES (46,46);
INSERT INTO "lesson_has_tests" (lessonId,testsId) VALUES (47,47);
INSERT INTO "lesson_has_tests" (lessonId,testsId) VALUES (48,48);
INSERT INTO "lesson_has_tests" (lessonId,testsId) VALUES (49,49);
INSERT INTO "lesson_has_tests" (lessonId,testsId) VALUES (50,50);
INSERT INTO "lesson_has_tests" (lessonId,testsId) VALUES (51,51);
INSERT INTO "lesson_has_tests" (lessonId,testsId) VALUES (52,52);
INSERT INTO "lesson_has_tests" (lessonId,testsId) VALUES (53,53);
INSERT INTO "lesson_has_tests" (lessonId,testsId) VALUES (54,54);
INSERT INTO "lesson_has_tests" (lessonId,testsId) VALUES (55,55);
INSERT INTO "lesson_has_tests" (lessonId,testsId) VALUES (56,56);
INSERT INTO "lesson_has_tests" (lessonId,testsId) VALUES (57,57);
INSERT INTO "lesson_has_tests" (lessonId,testsId) VALUES (58,58);
INSERT INTO "lesson_has_tests" (lessonId,testsId) VALUES (59,59);
INSERT INTO "lesson_has_tests" (lessonId,testsId) VALUES (60,60);
INSERT INTO "lesson_has_tests" (lessonId,testsId) VALUES (61,61);
INSERT INTO "lesson_has_tests" (lessonId,testsId) VALUES (62,62);
INSERT INTO "lesson_has_tests" (lessonId,testsId) VALUES (63,63);
INSERT INTO "lesson_has_tests" (lessonId,testsId) VALUES (64,64);
INSERT INTO "lesson_has_tests" (lessonId,testsId) VALUES (65,65);
INSERT INTO "lesson_has_tests" (lessonId,testsId) VALUES (66,66);
INSERT INTO "lesson_has_tests" (lessonId,testsId) VALUES (67,67);
INSERT INTO "lesson_has_tests" (lessonId,testsId) VALUES (68,68);
INSERT INTO "lesson_has_tests" (lessonId,testsId) VALUES (69,69);
INSERT INTO "lesson_has_tests" (lessonId,testsId) VALUES (70,70);
INSERT INTO "lesson_has_tests" (lessonId,testsId) VALUES (71,71);
INSERT INTO "lesson_has_tests" (lessonId,testsId) VALUES (72,72);
INSERT INTO "lesson_has_tests" (lessonId,testsId) VALUES (73,73);
INSERT INTO "lesson_has_tests" (lessonId,testsId) VALUES (74,74);
INSERT INTO "lesson_has_tests" (lessonId,testsId) VALUES (75,75);
INSERT INTO "lesson_has_tests" (lessonId,testsId) VALUES (76,76);
INSERT INTO "lesson_has_tests" (lessonId,testsId) VALUES (77,77);
INSERT INTO "lesson_has_tests" (lessonId,testsId) VALUES (78,78);
INSERT INTO "lesson_has_tests" (lessonId,testsId) VALUES (79,79);
INSERT INTO "lesson_has_tests" (lessonId,testsId) VALUES (80,80);
INSERT INTO "lesson_has_tests" (lessonId,testsId) VALUES (81,81);
INSERT INTO "lesson_has_tests" (lessonId,testsId) VALUES (82,82);
INSERT INTO "lesson_has_tests" (lessonId,testsId) VALUES (83,83);
INSERT INTO "lesson_has_tests" (lessonId,testsId) VALUES (84,84);
INSERT INTO "lesson_has_tests" (lessonId,testsId) VALUES (85,85);
INSERT INTO "lesson_has_tests" (lessonId,testsId) VALUES (86,86);
INSERT INTO "lesson_has_tests" (lessonId,testsId) VALUES (87,87);
INSERT INTO "lesson_has_tests" (lessonId,testsId) VALUES (88,88);
INSERT INTO "lesson_has_tests" (lessonId,testsId) VALUES (89,89);
INSERT INTO "lesson_has_tests" (lessonId,testsId) VALUES (90,90);
INSERT INTO "lesson_has_tests" (lessonId,testsId) VALUES (91,91);
INSERT INTO "lesson_has_tests" (lessonId,testsId) VALUES (92,92);
INSERT INTO "lesson_has_tests" (lessonId,testsId) VALUES (93,93);
INSERT INTO "lesson_has_tests" (lessonId,testsId) VALUES (94,94);
INSERT INTO "lesson_has_tests" (lessonId,testsId) VALUES (95,95);
INSERT INTO "lesson_has_tests" (lessonId,testsId) VALUES (96,96);
INSERT INTO "lesson_has_tests" (lessonId,testsId) VALUES (97,97);
INSERT INTO "lesson_has_tests" (lessonId,testsId) VALUES (98,98);
INSERT INTO "lesson_has_tests" (lessonId,testsId) VALUES (99,99);
INSERT INTO "lesson_has_tests" (lessonId,testsId) VALUES (100,100);
